Piece Title,Genre,Description,Bpm,Key,Time Signature,Mode,Duration,Instruments,Keywords,Mood,Production Style,Overall Quality,Soundcloud Link,TV PLACEMENT YES: TARGET
Princess,"Score, Orchestral","a very long, magical, and cute score type piece",120,D,4/4,Ionian,8:31,"Strings, orchestra, flute, clarinet, marimba, piano","sleepy, cute, energetic, childish, magical, the little prince, magic, peter pan, cartoon, comic, animation, animated, relaxing, dreamy, dreaming, teddy bear, toys, toy, morning, waking up, wake up, sweet, christmas","cheerful, contemplative, dreamy, magical, hopeful, pleasant, positive, calm, whimsical, youthful, wonder, thoughtful","romance, drama, teen, special occasion, fantasy",3,,0
Pump,"Score, Drone","A phrygian drone track featuring solo cello, inspired by the desolation of an oil field in the middle east",130,Em,4/4,Phrygian,6:56,"Synth, Synth Bass, Solo Cello, Percussion, Elec. Drums","Space Station, Space, Spacecraft, Docking, Alarm, Pumping, Pump, Oil, Iraq, Afghanistan, Middle east, Desolate, Desolation, Drone, Explosives, IED, Humvee, Desert","Driving, Fearful, Resolute, Tense","Action, Sci-Fi, Chase/Fight, Drama, Heroic",4,,0
Premonition,"Drone, Ambient",A birdcall infused drone synth ambiance,120,Cm,4/4,Aeolian,6:56,"Synthesizer, Sound Effects","meditation, new age, drone, meditate, nature, documentary, gritty, birds, birdcalls, space station, hollow, coins, money, ambient, ambiance","Meditative, Tense, Intense","Sci-fi, Documentary, Builds, Crime, Drama",4,,0
Mountain Passage,"Drone, Ambient",A a deep and icy synth drone ambiance,108,B,4/4,Ionian,6:48,Synth Sound Effects,"Meditation, new age, drone, meditate, nature, documentary, windy, wind, reverb, throat singing, synth, ambient, ambiance","Meditative, Chill, Ominous, Dark, Relaxed","Drama, Romance, Documentary, Crime",4,,0
Sky Passage 2,"Drone, Ambient","A spacy, ethereal, sound design infused synth drone piece",106,C,4/4,Ionian,6:38,"Synthesizer, Sound Effects","meditation, new age, drone, meditate, nature, documentary, desert, jungle, island, ambiance, ambient, birds, crows,","Meditative, eerie, positive, dark","Sci-fi, Documentary, Crime,Drama",4,,0
Sea Passage,"Drone, Ambient","A peaceful, lonely ambiance inspired by crossing the sea",120,Ab,4/4,Ionian,6:36,"Synth, Synth Pad, Synth Bass, Sound Effects","Lonely, Peaceful, Nature, Documentary, Ocean, Spacy, Trippy, Aquarium, Drone, Serenity, Crystals, Peace, New Age","Chill, Joyful, Happy, Meditative, Relaxed, Positive","Romance, Drama, Teen, Documentary",4,,0
Coral Empire,Ambient,Algorithmically generated ambient soundtrack music,120,C,4/4,Ionian,6:26,"Synth Pad, Synth, Synth Bass","Ambient, documentary, nature, meditation, meditative, relaxing, chill, ","Relaxed, Happy, Uplifting","Documentary, Romance, Drama",4,,0
Sky Passage 1,"Drone, Ambient",Sound Designy ambient drone piece,53,C,4/4,Ionian,6:20,"Synthesizer, Sound Effects","crime, sound design, paper, tearing paper, drone, ambiance, ambience, ambient, ambiant, droning, heat, desert, middle east, meditate, meditation, concrete, documentary, score, dark, moody, creepy, spooky, phrygian, nature, natural, morning, desolate, deserted, texture, ","chill, dark, gloomy, mysterious, ominous, suspenseful, dark, lethargic","documentary, drama, crime, romance",4,,0
Tide,"Drone, Ambient",A peaceful but unsettled synth ambiance with a lot of sound design,120,B,4/4,Aeolian,6:10,"Synth, Synth Pad, Synth Bass, Sound Effects","Ocean, Surf, Meditation, Meditative, Ambient, Healing, New Age, Ambiance, Documentary, Nature, Desert, Mountains, Swells, Sound effects","Chill, Dark, Epic, Meditative, Moody","Documentary, Sci-Fi, Horror, Crime, Drama",4,,0
Spirit Passage,"Drone, Ambient","An ambient, drone-driven score featuring processed recordings of nature sounds",116,Ebm,4/4,Aeolian,5:46,"Synth Organ, Wind Chimes, Synth, Sound Design","Nature, Wolves, Spiders, Morning, Sunrise, Wilderness, Waking Up, Birds, Steam Engine, Train","Chill, Ambient, Ambience, Eerie, Lonely, Meditative, Mellow, Peaceful, Reflective, Mellow, Pensive","Documentary, Romance",4,,0
Spirit Gate,"Drone, Ambient","An ambient, drone-driven score featuring processed recordings of nature sounds",120,C,4/4,Ionian,5:42,"Synth, Synth Flute, Synth Organ, Organ, Sound Design","Nature, Wolves, Spiders, Morning, Sunrise, Wilderness, Waking Up, Birds, Coyotes","Chill, Ambient, Ambience, Eerie, Lonely, Meditative, Mellow, Peaceful, Reflective, Mellow, Pensive","Documentary, Romance",4,,0
Night Passage 3,"Drone, Ambient","A spacy and synth driven ambience with delayed plucks, evocative of a city at night.",123,Ebm,4/4,Aeolian,5:34,"Synthesizer, Sound Effects","meditation, new age, drone, meditate, nature, documentary, cityscape, darkness, streetlights, reverb, ethereal, sparkly, ambient, ambiance ","Meditative, Chill, Relaxed","Documentary, Romance, Romantic Comedy, Crime",4,,0
Hexx 24,"Score, Contemporary Classical",Eerie and strange quarter tone horror piece,120,Gm,4/4,Aeolian,5:24,"Synth Bass, Synth, String Quartet, Violin, Viola, Cello","Horror, Quarter Tone, Eerie, Weird, Creepy, Murder, Dread, Dreadful, Dramatic","Scary, Weird, Terrifying","Horror, Drama, Crime",4,,0
Sendai,"Drone, Ambient",A sparse and deeply meditative ambient piece featuring intermittant singing bowl hits.,120,Ebm,4/4,Aeolian,5:16,"Percussion, Synth Bass, Sound Effects","Meditation, Buddhism, Buddhist, Buddha, Crystals, New Age, Healing, Ambience, Ambient, Drone, Temple, Meditate, Documentary, solitary, lonely, tragedy","Chill, Dark, Meditative, Positive, Relaxed","Documentary, Romance, Drama",4,,0
Here Still,"Drone, Ambient",A meditative and sparkling synth drone ambiance,111,Cm,4/4,Aeolian,5:05,"Synthesizer, Sound Effects","Meditation, new age, drone, meditate, nature, documentary, water, drips, synth, echo, symbolic, trance, sleepy, ambient, ambiance","Meditative, Chill, Relaxed, ","Drama, Romance, Documentary, Sci-fi",4,,0
Darkness,"Score, Epic","Cinematic, dramatic, dark, sci-fi inspired theme that begins ambient and ends motoric",100,Fm,4/4,Aeolian,5:04,"Synth, Percussion, Strings, Violin, Orchestra","Dark, eerie, superhero, dramatic, Alien, sci-fi, science fiction, space, comic, marvel, dc comics, batman, deadpool, trailer, cinematic, spacy, spooky, deep, acoustic, epic","anxious, dark, determined, dramatic, brooding, intense, ominous, tense, suspenseful, dangerous","action, chase/fight, crime, drama, elimination, sci-fi, thriller/horror, video game",4,,0
Storm Pass,Ambient,A desolate and driving synth ambience reminiscent of driving through a desert in a thunderstorm,120,Ebm,4/4,Aeolian,5:00,"Synth, Synth Bass, Sound Effects","Driving, Rain, Thunderstorm, Desolate, Lonely, Impulse, Speeding, Lightning, Nature, Desert, Quiet, Quietude, Meditation, Meditate, New Age, Healing,","Dark, Driving, Energetic, Gloomy, Meditative, Resolute","Documentary, Horror, Action, Drama, Crime",4,,0
Candy for my Mind,"Synthpop, Pop","A indie pop tune in the vein of the Postal Service or Owl City, featuring abstractly romantic lyrics",80,Bb,4/4,Ionian,4:56,"Synth, Synth Bass, Elec. Drums Female Vox, Male Vox","Owl City, Happy, Romance, First Kiss, Kiss, Indie, Sci-fi, Playing, Video game, Console, Playstation","Bouncy, Cool, Fun, Happy, Joyful, Light, Magical, Uplifting, Sweet, Playful","Teen, Romance, Drama, Sci-fi",3,,0
To Cross the Water,"Drone, Ambient","An idyllic, spacy, peaceful sci-fi type ambience",99,Eb,4/4,Aeolian,4:51,"Synth, Synth Pad, Synth Bass, Synth Flute, Flute","Boats, Ocean, Starship, Desolation, Space, Spacy, Lonely, Spaceship, Technology, Sailing, Nature, Meditation, Meditative, Ambience, Ambient, Drone","Peaceful, Chill, Meditative, Moody, Relaxed","Documentary, Sci-Fi, Drama, Romance, Teen",4,,0
Stellate,"EDM, Trance, Happy Hardcore",A fast-tempo happy-hardcore or uplifting trance track,170,Gm,4/4,Aeolian,4:48,"Synth, Synth Bass, Elec. Drums","Rave, Trance, Party, Uplifting, Driving, Party, Car Commercial, Retro, Raver, Video Game, Gamer, Games  ","Driving, Cheerful, Energetic, Excited, Happy, Playful, Positive","Teen, Commercial, Romance, Drama, Sci-fi",1,,0
Bone Song,"Drone, Ambient",A sparkling and energetic synth ambience,120,,4/4,Ionian,4:42,"Synth, Synth Bass, Sound Effects","Nature, fishes, sparkles, sparkling, action, motion, coral reef, natural","Excited, Chill, Caffeinated","Documentary, Drama",4,,0
Snakes Spiral,"Score, Underscore",An ostinato based string drama / tension track with electronic elements,133,Gm,4/4,Aeolian,4:34,"Strings, String Section, Synth Lead, Elec. Drums","Dark, dangerous, moody, tragedy, breakup, fight, drama, death, anxiety, anxious, intense, intensity, key moment, requiem for a dream, ","Dark, Fearful, Tragic, Tense, Melancholy, Angry, Sad, Intense, Omenous","Romance, Drama, Horror, Builds",4,,0
Night Passage 1,"Drone, Ambient",A deep blue synth ambiance,88,Dm,4/4,Aeolian,4:27,"Synth, Synth bass, Sound Effects","Lonesome, Night, Dark, Spooky, Peaceful, Nature, Documentary, Lonely, Spacy, Sci-Fi, Ambient, Ambience, Return of the King, Lord of the rings","Melancholy, Chill, Dark, Meditative, Moody, Relaxed","Documentary, Drama, Romance, Horror, Crime",4,,0
Love you till the End of Me,Singer-Songwriter,Dramatic romantic split tempo piano ballad,78,Bb,4/4,Ionian,4:26,"Piano, Female Vox, Strings, Elec. Drums, Drums, Strings, Synth Bass","Romantic, Love Song, Apology, Vulnerable, Drivers License, Ballad, Drama, Dramatic, Loving, ","Romantic, Loving, Sad, Melancholy","Feature Film, Main Title, Romace",5,,0
Shanghai Lights,"Score, Upbeat",Upbeat and uplifting melodic hybrid score,110,F#,4/4,Aeolian,4:23,"Orchestra, Synth Bass, Horns, String","Uplifting, Euphoric, Happy","Dramatic, uplfiting, cheerful, heroic","Animation, Medieval",4,,0
Tidal Wave,"Drone, Ambient","Synth Bass, Sound Effects",120,Cm,4/4,Aeolian,4:22,"Synth Bass, Sound Effects","Building, Destruction, Disturbing, Scary, Imminent, Disaster, Doom, Terror, Tsunami, Documentary, Nature, Fury","Exciting, Fearful, Dark, Dangerous, Epic, Tense, Tragic","Sci-fi, Horror, Documentary, Crime, Drama",4,,0
Night Passage 2,"Drone, Ambient",A dark and spacy synth drone ambiance,105,C#m,4/4,Aeolian,4:17,Synth Sound Effects,"Meditation, new age, drone, meditate, nature, documentary, well, darkness, demons, posessed, aliens, ambient, ambiance","Ominous, Meditative, Dark, Spooky","Drama, Romance, Documentary, Crime, Sci-Fi",4,,0
Ballad of the Bat,Pop,A haunting and odd-meter pop song,98,C#m,4/4,Dorian,4:16,"Synth, Strings, Elec. Drums, Female Vox","Eerie, Majestic, Sylvan, Magical, Delicate, Forest, Glowing, Eerie, Sparkly, Flitting","Tentative, Eerie","Romance, Drama",3,,0
Cosmic Archaeology,"Hip Hop, Tension","A tropical instrumental hip-hop underscore type beat featuring hang drum, strings, and bansuri.",130,Gm,4/4,Aeolian,4:11,"Elec. Drums, Hang Drum, Flute, Strings, String Section, Synth Bass","heartbeat, tension, waiting, tropical, island, beach, tiki torch, maui, hawaii, relaxing, ethnic, trap, hip hop, birds, rainforest, summer","Moody, Chill, Hot, Romantic, Deep","Romance, Romantic Comedy, Teen",2,,0
Daisy,Pop,A dark Billie Eilish inspired synth / trap ballad about a first meeting.,100,Am,4/4,Aeolian,3:58,"Female Vox, Synth Bass, Piano, Elec. Drums, String Section","Fearful, Tentative, First Meeting, Romance, Frightened, Dark, Ballad, Lovesong, Self-doubt, dangerous, heartbreak, heartbreaker, city, dark, billie, eilish, trap, emo, rnb, self-esteem, hurt, pain, sadness, pop ballad, trap bass, god is a woman, this is america","moody, dark, gloomy, melancholy, fearful","Drama, Romance, Commercial, Teen",5,,0
Black Sand,Ambient,Algorithmically generated ambient soundtrack music,120,C,4/4,Ionian,3:56,"Synth Pad, Synth, Synth Bass","Ambient, documentary, nature, meditation, meditative, relaxing, chill, ","Relaxed, Happy, Uplifting","Documentary, Romance, Drama",4,,0
Ritual,"Drone, Ambient",A meditative and relacing ambiance featuring pentatonic wind chimes,120,Ebm,4/4,Aeolian,3:50,"Wind Chimes, Synth, Synth Pad, Percussion","Meditation, New Age, Meditate, Meditating, Flute, Nature, Wilderness, Cold, Snow, Crystals, Chakras, Healing, Drone, Ambiance, Ambient","Meditative, Chill, Relaxed, Positive","Documentary, Romance, Drama, Crime",4,,0
Labyrinth,"Chiptune, Videogame","High energy, high speed retro chiptune style piece ",140,Em,4/4,Aeolian,3:48,"Elec. Drums, Synth, Synth bass","Video game, tron, chiptune, hard, fast, hyper, speedy, battle, boss","Moody, videogamey, sad",Video game,3,,0
Eastern Conflict,"Score, Action",Punchy and dramatic orchestral fight scene or chase music,132,Fm,4/4,Aeolian,3:46,"Orchestra, Drums, Violins, Percussion, Horn, Gong","Drama, Action, Fight, Chinese, Japanese, Gong, kung fu, ninja, crouching tiger hidden dragon, sword, katana, scrapping, chase scene, chase, long, throwing star, kimono, karate, chaos, chaotic, atonal, harsh, acoustic, epic","Dramatic, Aggressive, Angry, dangerous, edgy, epic, menacing, powerful, scary, tense",Action,4,,0
Tropical Sugar,Electronica,A super sugary and happy upbeat tropical indie pop tune,115,Db,4/4,Ionian,3:38,"Elec Drums, Piano, Synth, Synth Bass, Marimba","speedy, dance, pop, tropical, island, beach, sand, party, melodic, squiggly, sugary","cheerful, happy, upbeat","teen, commercial, animation",3,,0
Free,Pop,Pop tune written for a 'free' item promotion,105,F,4/4,Lydian,3:38,"Synth, synth bass,  Elec. Drums,  Female Vocals","Awkward, Weird, ",Happy,"Reality, Drama",1,,0
Halo High,"Pop, Synthpop",Uplifting and highly melodic synthpop song with a tempo split at 45/90/180 and delicious doubletime triplet fill,90,G,4/4,Ionian,3:29,"Synth, Synth Bass, Elec. Drums, Strings, Female Vox","Uplifting, Epic, Sweet, Dramatic, Awesome, Synthpop, Synth, Modal, Mode, Max Martin, Greeting, Hello, Sweetness, Rush, Sugar, Sugar Rush","Happy, Joyous, Cheerful, Majestic, ","Teen, Romance, Drama",5,,0
SineChron,"Videogame, EDM","An old-school, video-gamey synth piece reminiscent of Tron",125.5,Fm,4/4,Aeolian,3:26,"Synth Bass, Synth Lead, Synth Pad, Elec. Drums","Retro, Video Game, Tron, Animation, EDM, Arcade, Electronic Rock, Animation, Computers, Computer, Virtual Reality","Confident, Retro, Moody, Playful","Teen, Childrens, Animation, Retro",3,,0
Holding my Breath,"Pop, Ballad",A sad and moving acoustic piano ballad inspired by Lewis Capaldi's Somebody You Loved,86,A,4/4,Ionian,3:26,"Piano, Male Vox, Drum Set, Cello,","Lewis, Capaldi, Somebody, You, Loved, Change, Liar, Lie, Breakup, Break, Up, Depressing, Moving, Emotional, Acoustic, Harmony, Boy, Boy Vocals, Pop, Ballad, Apotheosis, Ending, Title Track, Ballad, Piano, Live, Live recording, emotion, Loss, death, Sinking, ","Gloomy, Lost, Romantic, Sad, Sentimental, Depressed, Dark, Lonely","Romance, Romantic Comedy, Teen, Main Title, Heroic, Crime",4,,0
Bioluminescent Currents,Ambient,Algorithmically generated ambient soundtrack music,120,C,4/4,Ionian,3:26,"Synth Pad, Synth, Synth Bass","Ambient, documentary, nature, meditation, meditative, relaxing, chill, ","Relaxed, Happy, Uplifting","Documentary, Romance, Drama",4,,0
Painful Circumstances (Gm),"Underscore, Tension",An ostinato driven string tension / drama track,101,Gm,4/4,Aeolian,3:25,"String Section, Hang Drum, Percussion, Violins","Dramatic, Heroin, Tragic, Tragedy, Tension, Building, Consequences, Drama, Horror, Murder, Criminal, Breakup, Fight, Angry, Anger, Unhappy, Video Game, Cut Scene, CSI, Crime Scene, Doom, Tension, Poignant, Suspense","Dark, Sad, Tragic, Melancholy, Moody, Tense","Builds, Horror, Romance, Crime",3,,1
Painful Circumstances (Am),"Underscore, Tension",An ostinato driven string tension / drama track,101,Am,4/4,Aeolian,3:25,"String Section, Hang Drum, Percussion, Violins","Dramatic, Heroin, Tragic, Tragedy, Tension, Building, Consequences, Drama, Horror, Murder, Criminal, Breakup, Fight, Angry, Anger, Unhappy, Video Game, Cut Scene, CSI, Crime Scene, Doom, Tension, Poignant, Suspense","Dark, Sad, Tragic, Melancholy, Moody, Tense","Builds, Horror, Romance, Crime",3,,1
Entrance Japan Dreaming,"Drone, Ambient",This drone track features buddhist chant and spacious synthesizer drones,120,Fm,4/4,Aeolian,3:22,"Synth, Synth Bass, Male Vocals, Sound Effects","Dark, Contemplative, Calm, Creepy, Magical, Mysterious, Serious, Suspenseful, Thoughtful, Storm, Temple, Chant, Buddhist, Bells, Religious, Documentary, Nature, Buddhism, Sanctuary, Lost at sea","Dark, Contemplative, Calm, Creepy, Magical, Mysterious, Serious, Suspenseful, Thoughtful","Broadcast, News, Documentary, Crime",3,,0
Sun Passage,"Drone, Ambient",A whooshing and spacy ambient drone inspired by the glare of the sun on a hot day,140,Ebm,4/4,Aeolian,3:22,"Synth Bass, Sound Effects","Sun, Hot, Summer, Burning, Deep, Drone, Ambiance, Ambient, Meditative, Meditation, Documentary, Nature, Sizzling, Sizzle, Desolate, Isolated, Desert, Bacon, Frying","Dark, Meditative, Resolute, Tense","Documentary, Crime, Drama, Builds, Military, Action",4,,0
Make me feel Pretty with the Lights Out,"Pop, Synthpop, Electronic",Bitchy and upbeat electronic pop song,120,G,4/4,Ionian,3:22,"Elec Drums, Synth, Synth Pad, Synth Bass, Female Vox","Bitchy, Pop, Popular, Mean Girls, Electrical, Electicity, Neon, Technicolor, Main Street Parade","Apprehensive, Sweet, Unsure, Excited","Teen, Romance, Drama",5,,0
I Love You,Pop,I hate this song it's embarassingly bad please let's forget it ever happened. Nerdy indie electronic love song with puns pretaining to math,140,F#,4/4,Ionian,3:18,"Synth, Elec Drums, Male Vox.","nerdy, geeky, nerd, geek, math, mathematics, indie, sandstorm, lovesong, cute","happy, cute, love","romance, romantic comedy, teen",1,,0
Light Waves,"Score, Videogame",Tense ambient underscore,201,Gm,4/4,Phrygian,3:18,"elec. drums, hi hat, synth, choir, chorus","Ambient, ambiant, Ambiance, ambience underscore, hip hop, hip hop ambiance, trap, trap music, horror, thriller, crime, criminal, drama, terror, creepy, scary, sci-fi, urban, tension","anxious, dark, dramatic, brooding, intense, ominous, tense, suspenseful, dangerous, eerie, creepy","crime, drama, elimination, video game",3,,0
Don't Stop Dancing,Pop,Pop tune written for an early pitch,130,G,4/4,Ionian,3:18,"Synth, synth bass,  Elec. Drums,  Female Vocals","club, dancing, clubbing, upbeat, cheerful","Earnest, Lonely","Reality, Drama",1,,0
My Tempo,"Rock, Electronic Rock","Fun funky, driving synthpop tune featuring a catchy falsetto chorus",102.5,Fm,4/4,Aeolian,3:17,"Elec Guitar, Synth, Synth Bass, Male Vox, Elec Drums","punchy, funky, driving, exciting, confident, successful, rock, club, pop, dance, ","exciting, hot, confident, ","romance, romantic comedy, commercial",5,,0
Ghosted,Pop,Modern pop tune about a failed relationship. Like the opposite of Call me Maybe.,140,A,4/4,Ionian,3:17,"String Section, Drums, Synth, Female Vox","upbeat, romance, unrequited, love, pop, ","upbeat, fun, pop, cheerful","romance, romantic comedy, teen",3,,0
Jade Melody,"Score, Drama","Magical and slow, chinese/western hybrid piece featuring live erhu, live piano, and live cello.",50,F#/Gb,4/4,Ionian,3:17,"Piano, bells, Cello, strings, erhu","chinese, china, eastern, japan, japanese, asian, asia, melody, melodic, main theme, thematic, theme, magic, magical, waiting, cartoon, comic, animation, fantasy, orchestra, orchestral, acoustic, instrumental, live ","Magical, romantic, contemplative, dreamy, longing, mysterious, whimsical","animation, romance, main title",5,,0
Open Passage,"Synthesizer, Sound Effects",A gritty and windy sci-fi type ambiance,120,C,4/4,Ionian,3:16,"Synthesizer, Sound Effects","meditation, new age, drone, meditate, nature, documentary, erratic, organic, natural, busy, layered, fireflies, bugs, dust devil, storm, aliens, water, wet, leaking, dripping, ambient, ambiance  ","Dark, Chill, Omenous, Relaxed","Builds, Documentary, Sci-fi, ",4,,0
"Hero and the Astrolabe, The","Score, Epic",main-title type cinematic cue evocative of exploration,115,Bm,4/4,Aeolian,3:16,"Orchestra, Electronics, Flute, Horn, Strings, Violin","epic, romantic, landscape, sailing, navigating, exploration, exploring","resolute, noble, strong, ","scifi, animation, commercial, epic",5,,0
Dreamscape,Ambient,Meditative and relaxing ambient track,111,Db,4/4,Ionian,3:16,"Synthesizer, Percussion, Kalimba","Meditative, Meditation, documentary, drama, spiritual, nature, crystals, chakras, spirit, om, space, fine art, museum, exhibit, calm, relaxing, chill, slow, ambient, ambiant, ambiance, ambience","content, calm, chill, dreamy, laid-back, lethargic, pleasant, relaxed",Documentary,4,,0
Phalaenopsis,Tropical House,Chilled out melodic tropical houst tune,118,A,4/4,Ionian,3:13,"Piano, Synth, Synth Bass, Synth Pluck, Elec. Drums","Tropical, House, Beach, ocean, island, hawaii, tropic","Relaxed, Chill, happy, content, contented","Reality, romance, romantic comedy",4,,0
To Cross the Night,"Drone, Ambient",,120,A,4/4,Aeolian,3:12,"Synth, Synth Pad, Synth Bass, Sound Effects",,,"Documentary, Sci-Fi, Horror, Crime, Drama",4,,0
Diskettamine,"Chiptune, Videogame","High energy, high speed retro chiptune style piece ",170,Db,4/4,Aeolian,3:12,"Elec. Drums, Synth, Synth bass","Video game, tron, chiptune, hard, fast, hyper, speedy, battle, boss","Intense, videogamey,",Video game,3,,0
Changing Levels,"Chiptune, Video Game",Videogamey chiptune tune,160,F,4/4,Ionian,3:09,"Synth, Elec. Drums","Videogame, game boy, chiptune, 8-bit, zelda, mario, amiga, commodore, tracker, caffeinated, coffee","Caffeinated, Excited, Happy",Videogame,2,,0
Ambient Fluidity,Ambient,"Relaxed, fluid and ambient track",99,Eb,4/4,Ionian,3:04,"Piano, Synth","liquid, water, meditation, swelling, fluid, ","meditative, relaxing, chill, ","Commercial, Videogame",4,,1
The Metronome of Fate,"Score, EDM","A driving, synth based action cue with a morphing bassline and an incessant tick.",130,Dm,4/4,Aeolian,3:04,"Synth Bass, Percussion, Bass Drum, EDM Drums, Strings, Synth Pad, Brass Section","Hoverbike, Chase, Cyberpunk, Sci-fi, Escape, Speeder, Superhero, Marvel, DC Comics, Comic book, ","Adventurous, Active, Anxious, Building, Cool, Dangerous, Dark, Driving, Exciting, Energetic, Omenous, Suspense","Action, Builds, Video Game, Sci-Fi, Chase/fight, Animation",5,,0
RIP Current Trend,Pop,Interesting and different tropical EDM tune,80,b,4/4,Mixolydian,3:04,"Synth, synth bass,  Elec. Drums, Male Vocals, Female Vocals","Ocean, Africa, Ethnic, Island, Oasis, Beach, Tropical","Happy, Introspective, Cheerful, Uplifting","Documentary, Drama, Reality",3,,0
Why do I Try so hard when Everybody Else just Lies,"Hip hop, Pop",very 'different' sounding hip hop beat with cool textures,55,A,4/4,Ionian,3:03,"Elec. Drums, Synth, Synth bass","Hip hop, indie, synth, synthpop, whiny, annoying, experimental, pop","Complaining, Happy, Upbeat, ","Reality, Romance, Drama",2,,0
Doors are Opening,"Pop, Tropical House","A female-vocal driven tropical house tune with a modern, futurebass aesthetic. Words are about new possibilities after a breakup.",108,Gm,4/4,Aeolian,3:02,"Synth, Synth Bass, Female Vox, Elec. Drums, Kalimba, Hang Drum ","Breakup, open relationship, lost love, I miss you, missing somebody, tropical, beach, ethnic, breaking up, drama, ocean, island, relationship problems, relationship, possibilities, new love, melancholy, jungle, rainforest, ","Carefree, Positive, Romantic, Cool, Hopeful, Sentimental","Romance, Romantic Comedy, Teen, Drama, Commercial",1,,0
Purple Heart,Score,"Military chorale-style brass piece suitable for a military funeral, like Taps",70,Bbm,4/4,Aeolian,3:00,"Brass, Trumpet, Horns, Trombone, Strings","military, funeral, tragic, noble, death, taps, grave, mission, army","noble, melancholy, sad, grave","documentary, drama, scifi",5,,0
Zodiactivate,Underscore,"Dark, suspenseful, schizophrenic drama underscore",110,Cm,4/4,Aeolian,2:59,"synth, strings, synth bass, sfx","crime, drama, tension, drone, dark, eerie, cinematic, trailer, movie, score, video game, dark, scary, intense, dramatic, moody, spiderman, batman, bat man, gotham, spiderman 2, superhero, marvel, dc comics, comics, waiting, wait, build, buildup","dramatic, dark, schizophrenic, eerie, epic, mysterious, suspenseful, ominous, anxious, driving,","sci-fi, animation, drama, crime, video game",3,,0
Mystic Flute,"Ethnic, Score","A flute and synth piece perfect for native american or island scenes, staring into a volcano or watching an ancient ritual unfold",115,Cm,4/4,Aeolian,2:58,"Synth, Percussion, Ethnic flute","Native, Native American, Tribal, Mystery, Volcano, Island, Ethnic, Flute, Spirit, Ghosts, Ancestors, Documentary, Death, Tribe, Ritual, Hopi, ","Brooding, Dark, Spooky, Meditative, Melancholy","Documentary, Romance, Military, Horror/Thriller/Sci-fi, Drama",4,,0
Quadrivium,"Score, Tension",Dark and dramatic synth tension track,108,Fm,4/4,Aeolian,2:57,"Synth, Synth Pad, Synth Bass, Synth Plucks, Elec piano","Temptation Island, build, buildup, tension, tense, breakup, fight, voting, judgement, judging, dark, forensic, forensics, ambient, ambiant, ambience, ambiance csi, crime scene, action, puzzle, clue, scifi , run, running, escape","Dark, tense, tension, moody, suspenseful, builds, buildup, waiting, wait, reveal, eerie, spooky, moody, anxious, brooding, dramatic, intense, conflicted, judging, ominous, spooky, stormy,","Reality, romance, teen, unscripted, crime, elimination, game show, reveal, sci-fi",4,,0
Erhu Melody,"Score, Drama",Erhu-centric solo theme leading into a melancholic orchestral section,85,Bbm,4/4,Ionian,2:55,"Erhu, Gong, Orchestra, Strings, Cello, Piano","Lonely, Chinese, eastern, erhu, solo, acoustic, hollow, empty, gloomy, magic, magical, magic spell, enchanted, forest, narnia, harry potter, china, japan, asia, asian, orchestra, orchestral","calm, dreamy, magical, melancholy, searching, romantic, ambient","Animation, romance",5,,0
Hot Red,Synthpop,A simple and spacy synth-pop build reminiscent of waking up on a summer morning and going on an adventure,120,Db,4/4,Ionian,2:54,"Synth, Elec. Drums, Percussion","Summer, Morning, Waking up, Sunrise, Ocean, Beach, Waves, Bunjee Jumping, Skydiving, Adventure, Arcade, Sepia","Chill, Adventurous, Cool, Exciting, Fun, Happy, Hopeful, Sweet, Upbeat, Young, Energetic","Builds, Romance, Teen, Romantic Comedy, Retro",2,,0
Demon,"Pop, Tropical House","Grindy, sweaty, materialistic tropical house song featuring a synth flute drop ",185,Cm,4/4,Dorian,2:54,"Synth, Elec Drums, Synth Flute, Female Vox","tropical, driving, maserati, car, party, grinding, party, summer, beach","sexy, glamorous, driving, hot","romance, Teen, romantic comedy, drama",5,,0
Sylvan Tragedy,"Score, Drama","Slow, tragic and romantic orchestral piece featuring live cello",55,Cm,4/4,Aeolian,2:53,"Erhu, piano, Strings, bells, cello","Erhu, reflective, magical, magic, drama, tragedy, sad, depressing, chinese, china, eastern, orchestra, orchestral, big, sweeping, melody, japan, magic spell, enchanted, death, heartbreak, heartbroken","sad, tragic, magical, dreamy, mysterious, romantic","animation, romance",5,,0
Retrofunk,"Chiptune, Videogame",Funky retro chiptune piece with a dope bassline,112,Bm,4/4,Dorian,2:49,"Elec. Drums, Synth, Synth bass","Video game, tron, chiptune, hard, fast, hyper, speedy, battle, boss, funk, funky","Funky, driving, videogame",Video game,3,,0
Pull the Trigger,Pop,An upbeat pop song about making the first move,102.5,Gm,4/4,Aeolian,2:49,"Elec Guitar, Elec Drums, Female Vox, Synth Bass","pop, groove, romance, kiss, relationship, gun, shoot","romantic, exciting, ","romance, romantic comedy, teen, drama",2,,0
Asymmetric War,"Score, Hybrid",Dark and driving cinematic superhero score cue,150,Cm,4/4,Aeolian,2:49,"Orchestra, Horn, Strings, Synth","Cinematic, trailer, movie, score, video game, dark, scary, intense, dramatic, moody, spiderman, batman, bat man, gotham, spiderman 2, superhero, marvel, dc comics, comic book, supervillain, super, deadpool, acoustic, epic","anxious, dark, determined, dramatic, brooding, intense, ominous, tense, suspenseful, dangerous","action, chase/fight, crime, drama, elimination, sci-fi, thriller/horror, video game",4,,0
Sunny Side Love,"Pop, Acoustic","Soft, uplifting pop rock",73,Db,4/4,Ionian,2:49,"Piano, Drums, Guitar, Trumpet, Organ","Sunny, Working, hard work, rock, acoustic, guitar, piano, reality","Encouraging, uplifting, hopeful","Reality, Romance",3,,0
Sea Light,"Drone, Ambient","A peacful, joyful, and multilayered layered chordal synth ambiance",120,D,4/4,Ionian,2:47,"Synth, Synth Bass, Sound Effects","Sunrise, Peace, Light, Choir, Coming Home, Realization, Quiet, Relaxed, Ocean, Sea, Beach, Nature, Documentary, Morning, Waking up, Drone, Ambience, Ambient","Chill, Joyful, Happy, Meditative, Relaxed, Positive","Romance, Drama, Teen, Documentary",4,,0
Bright and Shiny,"EDM, Pop",A cheerful synthpop bed,65,Eb,4/4,Ionian,2:46,"Elec. Drums, Synth, Synth Pad, Synth lead","Cheerful, Uplifting, Low-budget, EDM, repetitive, slow, confident","Confident, Solid, Happy, Hopeful","Romance, Reality, Drama",2,,0
For Amber,"Pop, Synthpop","Uplifting electronic pop song with a positive, inspirational message",108,A,4/4,Ionian,2:45,"Synth, Elec Drums, Synth Flute, Male Vox","christian, uplifting, optimistic, bouncy, synthpop","happy, uplifiting, optimistic, cheerful","Teen, Commercial",3,,0
Drive Thru,Rock,Weird and flirty song about fast food,,,4/4,Ionian,2:44,"Synth, Elec Drums, Male Vox.","upbeat, funny, weird, happy, food, hungry, eating, fast food, dinner, lunch","Happy, Cheerful, Flirty",Commercial,1,,0
Platinum Flow,"Score, Orchestral",Moody and epic piano-driven orchestral score with some lush verdent swells,72,Cm,6/8,Aeolian,2:44,"Orchestra, Piano, Electronics","landscape, main title, cinematic, epic, orchestral, anticipation, waiting, motion, exploration","epic, romantic, exciting","documentary, drama, commercial",5,,0
Corporate Minimalism 2,"Score, Corporate",Minimalist corporate background score,150,D,4/4,Ionian,2:44,"Piano, Synth, Percussion, Bells, Celeste","Corporate, acoustic, uplifting, innovative, innovation, exciting, motivational, inspiring","Innovative, Inspirational, cheerful, confident, energetic, positive","Corporate, Commercial",3,,0
Busy Bee,"EDM, Indie",Bubbly and cute bell driven corporate or youtube underscore.,87,C,4/4,Ionian,2:43,"Drums, Bells, Marimba, Synth, Synth Bass","Busy, Manic, Caffeinated, Upbeat, Cheerful, Working, Cleaning, Spring Cleaning, cleaning house, Active","Active, Cheerful, Busy, Happy",Commercial,2,,0
Agate Sculpture,"Videogame, Score","An ambient, bass clarinet driven drone type piece",48,D,4/4,Ionian,2:42,"Orchestra, Bass Clarinet, Strings, Mbira","Ambient, Morning, daybreak, video game, menu, main menu, waking up","cheerful, content, chill, relaxed","Romance, Drama, Video Game",3,,0
Vivaldi Summer Presto,"Classical, Score",Sampled arrangement of Vivaldi's Summer,150,Am,3/4,Aeolian,2:41,"String Section, Violin, Viola, Cello, Bass","Classical, classy, cheerful, upbeat, nature, traditional, vivaldi, antonion","zippy, fast, cheerful, upbeat","commercial, epic",4,,0
Spring - Japan Dreaming 16,"Drone, Ambient",An idyllic and meditative ambiance featuring processed birdcalls and synths,120,Cm,4/4,Aeolian,2:40,"Sound Effects, Synth, Synth Bass","Morning, Springtime, Art Exhibit, Birds, Birdcalls, Peaceful, Spring, Nature, Documentary, Ambient, Ambiance, Drone, Abstract, Idyllic, Relaxing, Mountains, Countryside","Chill, Joyful, Meditative, Moody, Positive, Relaxed, Melancholy","Documentary, Drama, Romance, Crime, ",4,,0
Bicycle and a Parasol,"Piano, Classical",Melancholic and French-inspired piano piece,90,Cm,3/4,Aeolian,2:40,Piano,"Nostalgic, 1920s, piano solo, sepia, black and white, old, ancient","Lonesome, Nostalgic, ","Documentary, Romance",3,,0
I Got a Parking Ticket my Life is Over,"Score, Tension",Overly dramatic tension score,70,Gm,4/4,Aeolian,2:39,"Synth, Synth Bass, Strings, Synth Pluck, Drums, Percussion","Dark, Tension, Lurching, intense, drama, dramatic, intensity, Requiem, Dream","Herpy Derpy, Evil, Dark, Dramatic","Drama, Reality",1,,0
Corporate Minimalism,"Score, Corporate",Title says it all - a simple and inspiring corporate minimalist track featuring piano,147,F,4/4,Ionian,2:33,"Synth Bass, Piano, Cello, Synth, bells","corporate, acoustic, inspirational, motivational, corporation, drug commercial, ad, advertisement, fast, speedy, quick, high tech, hi tech, technology, bay area, startup, keynote, speech, minimal, minimalist, minimalism ","Innovative, Inspirational, cheerful, confident, energetic, positive","Commercial, Corporate, ",3,,0
Chocolate Chip Cookie Dough,"EDM, Electronica",An upbeat and sparkly EDM beat reminiscent of a futuristic ice cream truck.,115,Cm,4/4,Aeolian,2:29,"Elec. Drums, Synth Bass, Synth, Synth Lead, Glockenspiel","Ice cream, Ice cream truck, magic, toys, playful, shopping, futurebass, wobble, coffee shop, toy factory","Bouncy, Cool, Fun, Happy, Joyful, Light, Uplifting, Sweet, Playful, Cheerful","Teen, Romance, Commercial",3,,0
Angelic Painting,"Videogame, Score","Sweet, wholesome, harp-driven orchestral score",120,F,Varies,Ionian,2:29,"Orchestra, Strings, Harp, Flute, Celeste","Wholesome, sweet, reminiscent, memories, memory, nostalgic, childhood, child, video game, toys, toy store, sweet, kind, nostalgia, game, warmth, warm, cheerful, acoustic","nostalgic, content, chill, cheerful, happy, hopeful, peaceful, pleasant, uplifting, relaxed, sweet, whimsical","animation, children, video game, romance",2,,0
Alone on the Sand,"Score, Orchestral",A lonely string-driven melodic underscore type piece with elements of uncertainty and tenstion,115,Bbm,4/4,Aeolian,2:29,"Orchestra, clarinet","Lonely, Uncertain, Dark, Waiting, Creepy, Spooky, ","Lonely, Uncertain, Curious, Moody, Melancholy ","Drama, Crime, Medieval, ",4,,0
Ruminations,"Score, Underscore",Dark and melacholy piano-and-string underscore,55,Em,4/4,Aeolian,2:28,"Piano, Strings","rain, gloomy, depressing, anticipation, verdict, courtroom, underscore, crying, tears, orphan","gloomy, melancholy, depressing, dark, sad","drama, documentary, procedural",3,,0
Eight Bit Simplicity,"Chiptune, Video Game",Videogamey chiptune tune,170,F,4/4,Mixolydian,2:28,"Synth, Elec. Drums","Videogame, game boy, chiptune, 8-bit, zelda, mario, amiga, commodore, tracker, perpetual motion","Contented, Happy",Videogame,2,,0
Mountain Refuge,Orchestral,"A blooming orchestral cue featuring french style impressionist piano processed to sound like an old record, leading into an idyllic flute run and string swell, like a sunrise on a lakeside manor in the mountains",105,Ebm,4/4,Aeolian,2:27,"Orchestra, Flute, Piano, Horn","old record, old, french, france, morning, mountains, manor, refuge, idyllic, arrival, peace, serenity, serene, parasol, soda pop, dog, mountain range, Nature, Lake,","Calm, Dreamy, Nostalgic, Relaxing, Romantic, Melancholy, Sentimental, whimsical","Romance, Romantic Comedy, Main Title, Retro, Animation, Children, Builds, Drama",5,,0
Divine Mission,"Corporate, ","Corporate, TV commercial background music with a cello lead",101,Cm,4/4,Aeolian,2:27,"Strings, Orchestra, Piano, Cello, elec drums","Corporate, Innovative, Insprational, motoric, motion, inspiration, cello, melody, car, lexus, luxury, suv, luxurious, premium, commercial, ad, advertisement, medical, drug, medication, ","building, confident, cool, driving, energetic, epic, exciting, smooth, inspirational","broadcast/news, builds, talk show, commercial, drama",3,,0
Going Up,"EDM, Electronica","Featuring heavily processed orchestral and vocal samples, this modern hiphop/edm beat is spacy and unique",95,Am,4/4,Aeolian,2:26,"Synthesizer, Samples, Orchestra, Synth Bass, Wobble Bass","Commercial, Modern, Hip hop, EDM, Club, Driving at night, Driving, Pop Beat, Squirrel Vocals, Smoking, Smoky","Relaxed, Mysterious, Dark, Cool, Sexy, Romantic, Sultry","Commercial, Teen, Romance, Sci-fi, Drama, Video Game, ",3,,0
Ready to Go,"EDM, Tropical House, Pop",Upbeat tropical party anthem with female vocals,180,Gm,4/4,Aeolian,2:26,"Elec Drums, Female Vox, Synth Bass, Synth Plucks, Piano, percussion","beach, summer, tropical, pop, tropical house, house, epic, anthem, party, cycle, drinking, cocaine, island, hawaii, ocean, vacation, travel, upbeat, temptation","joyful, cheerful, upbeat, party, epic, carefree, fun, glamorous, happy, playful, upbeat","Drama, main title, romance, teen",5,,1
Cyclotron,"Score, Tension","A fast-paced chase sequence featuring Tubulum and percussion, perfect for a motorcycle chase or getaway",110,Ebm,4/4,Aeolian,2:25,"Percussion, Synthesizer, Tubulum","Chase, Running, Tesion, Excited, Getaway, Car chase, Escaping the Scene, Bank Robbery, Motorcycle","Excited, Anxious, Intense, Running, Fearful,","Action, Crime, Cyberpunk",3,,0
Reliable Contact,"EDM, Score, Action","Hybrid EDM / Action type score, featuring sounds inspired by cop or spy shows from the 1980s, with a modern spin",125,Cm,4/4,Aeolian,2:24,"Elec Drums, Synth Bass, Synth, Synth Pad,","Dance, Chase, Chase Scene, Drug Dealing, Spies, Spy, Synth Bass, New Wave, Spying, Club, Disco, Discotheque Detective, Investigator, Investigation, Secret Agent, Operation, Operative, 1980s, 1980, EDM, Electronic Dance Music, Electronic, 80s","Sneaky, Dark, Moody, Mysterious, Resolute, Driving, Determined, Powerful, ","Action, Chase/Fight, Crime, Drama, Retro, Elimination, Game Show, Video Game, Sci-Fi",2,,0
Arierre,"Score, Tension","A spooky, intense, and dark piece featuring string stabs and detuned cello.",83,Em,4/4,Aeolian,2:24,"Cello, Strings, Woodblock","Tell-Tale Heart, Evil, Murder, Robbery, Escape, Serial Killer","Scary, Intense, Evil, Brooding, Dark, ","Crime, Horror",2,,0
Corporate Keynote,"Score, Corporate",A fast and innovative sounding corporate score,102,G,4/4,Ionian,2:22,"Piano, Synth, Cello","innovative, uplifting, motivational, corporate, keynote, speech, technology, innovation, high tech","motivational, inspiring",Corporate,4,,0
Sweet Tart (Euphoria,"EDM, Indie",Sparkly hiphop edm tune with vocal samples,115,G,4/4,Ionian,2:22,"Synth, Vocal Samples, Elec. Drums, Bass Synth","Commercial, Candy, Sweet Tarts, Cute, Sweet, Anime, ","Cute, Uplifting, Relaxing, ",Commercial,4,,0
Cosmic Information Party,"EDM, Electronic","Cheerful, cute, melodic low budget electronic music",140,C,4/4,Ionian,2:20,"Synth, elec. drums, synth bass","Childish, Owl City, melodic, cheerful, cute, bubbly, video game, casual game, gamer","Happy, Uplifting, cheerful",Videogame,1,,0
Adventure Begins,"Score, Video Game, Orchestral","Industrious, ambitious, and exciting orchestral score.",150,D,Varies,Mixolydian,2:20,"Orchestra, Strings, Violin, Horn, Percussion, Bass Drum","Pokemon, Adventure, journey, traveling, excitement, digimon, anime, animation, cartoon, beginning, pokemon battle, video game, gamer, gaming, game boy, nintendo, battle, ship, sailing, gaming, acoustic, epic","adventurous, cheerful, confident, determined, epic, excited, fun, victorious","video game, comedy, home improvement, animation, children, fantasy, heroic, teen",3,,0
Bird of Paradise,"Score, Orchestral","Romantic and heart-wrenching, sweet piece",50,Db,3/4,Ionian,2:20,"Orchestra, Horn, Clarinet, Strings, Flute, ","cinematic, cartoon, general midi, old, retro, romance, romantic, heart-wrenching","moody, uplifting","Romance, Animation",1,,0
Luxe (Defining Moment),"Score, Epic",Luxurious hybrid synth orchestral piece that sounds like a car commercial,76,Dm,4/4,Dorian,2:20,"Synth, Elec. Drums, Cello, Synth Pad, Strings","Commercial, Car, Driving, Fast, Majestic, Epic, EDM, Dance Music, Luxury, ","Majestic, Epic, Awesome, Thrilling, Exciting",Commercial,5,,0
Grabbing Stars,"Chiptune, Video Game",Videogamey chiptune tune,140,Am,4/4,Aeolian,2:19,"Synth, Elec. Drums","Videogame, game boy, chiptune, 8-bit, zelda, mario, amiga, commodore, tracker","Hard, Caffeinated, Intense",Videogame,2,,0
Silicon Heart,"Score, Tension","Intense drama underscore build for crime, chase, or superhero",115,Ebm,4/4,Aeolian,2:18,"synth, strings, orchestra, percussion","Trailer, cinematic, marvel, sci-fi, crime, heist, chase, chase scene, dc comics, jason bourne, bourne, spy, motorcycle, car chase, 007, james bond, science fiction, criminal","dark, determined, dramatic, brooding, intense, ominous, tense, suspenseful, dangerous, active, driving, tense","action, drama, trailer, chase/fight, crime",3,,1
Turbulence of Self,"Score, Orchestral","Dramatic string and percussion fight / chase underscore with dramatic hits and a foreboding, quiet ending",114,Ebm,4/4,Aeolian,2:16,"Strings, Orchestra, Horn, Violin","Drama, Action, Fight, Chinese, Japanese, kung fu, ninja, crouching tiger hidden dragon, sword, katana, scrapping, chase scene, chase, long, throwing star, kimono, karate, chaos, chaotic, atonal, harsh, acoustic, epic, tension, waiting, wait, ","dangerous, aggressive, gloomy, mysterious, ominous, sad, dramatic, dark, epic","action, fight/chase, video game, animation, drama",4,,0
Epic Commitment,"Score, Epic","An uplifting and heroic, epic orchestral track featuring strings and horn",125,Gm,4/4,Aeolian,2:16,"Orchestra, Horn, Violin, Strings, Brass, Harp, Synth","Epic, Orchestra, Game of Thrones, Main Theme, Title Theme, Thematic, Orchestral, Melody, Melodic, ","Uplifting, Epic, Romantic, Heroic, Confident, Dramatic, Exciting, Inspirational","Heroic, Animation, Main Title, Medieval, Sci-Fi, Broadcast / News, Reality",4,,0
Timewaster,EDM,Fun Synth and piano tune.,112,Dm,4/4,Aeolian,2:16,"Elec. Drums, Synth, Synth bass, Piano","tropical, piano, synth, lead, melody, underscore, cheap, quick, pop, pop music, groove, thrills, synthesizer, chill, youtube, instagram, tiktok, tik tok, uplifting, bouncy, calm, casual, every day, cheerful happy, easy, fun, happy, joyful, light, optimistic, positive, soft, video game","Annoying, chill, fun, happy",Commercial,1,,0
Airship Discovery,"Score, Epic",Upbeat epic orchestral score that includes elements of Drum and Bass,175,C,4/4,Ionian,2:14,"Orchestra, Electronics, Synth, Drumset","epic, anime, animation, sweeping, score","triumphant, joyful, epic, happy","Animation, Epic",3,,0
The Glowing Forest - The Hero,"Videogame, Score",Magical and animation-style orchestral score,64,C,3/4,Ionian,2:13,"Orchestra, Flute, Strings, Percussion, Bass Drum, Music Box","Magic, Forest, Potion, Riding, Horses, Peter Pan, Neverland, Ride, Hero, Heroic","Dramatic, Magical, Mysterious, Whimsical, Driving, Heroic","Medieval, Animation, Fantasy, Romance, Video Game",3,,0
Skellig,"Score, Light, World, Celtic",Romantic and majestic cello driven score with Irish harmony and instruments.,61,F,4/4,Dorian,2:13,"Orchestra, Bagpipes, Strings, Horn","Irish, Documentary, Romantic, Romance, Majestic, Sweeping, Grandeur, Lonely, Isolated, Epic, Grand","Grand, Epic, Magical, Romantic",Documentary,5,,0
Hermes the Hermit Crab,"Videogame, Tropical House",Cute carribbean-influenced tropical house style jam,105,Eb,4/4,Lydian,2:12,"Percussion, Synth Flute, Piano, Elec bass, Elec drums","beach, happy, carefree, ocean, island, summer, videogame, caribbean, latin","happy, carefree, latin, chill, joyful","animation, teen, romantic comedy, commercial",3,,0
Bounce the Boss,"Chiptune, Video Game",Videogamey chiptune tune,87,Em,4/4,Aeolian,2:12,"Synth, Elec. Drums","Videogame, game boy, chiptune, 8-bit, zelda, mario, amiga, commodore, tracker","Fun, Retro, Slow",Videogame,2,,0
A Beach Margarita,"Electronic, Pop","Upbeat indie electronica track with elements of futurebass, and a nice epic intro build",154,G,4/4,Ionian,2:11,"Synth, Female Vox, DrumSet,","beach, happy, carefree, ocean, island, summer, indie, margarita","relaxed, joyful, upbeat, ","Teen, Romantic Comedy, ",4,,0
Our Love's Like an Apple,Folk,Sweet and romantic guitar/vocal folk tune,68,G,4/4,Ionian,2:11,"Guitar, Female Vox","Romance, Romantic, Apple, Sweet, Cute, Cutesy, Solo, Guitar/vocal","Romantic, Happy","Commercial, Drama, Reality",4,,0
Squareliner,"Rock, Metal",Heavy electronic hard rock tune with a punchy groove,75,Dm,4/4,Aeolian,2:10,"Synth, elec. guitar, drum set, synth bass","hardcore, heavy, metal, truck, action, extreme sports, atv, commercial, hard-hitting, rock, heavy metal, football, wrestling, sports, sport, ad, advertisement, hard core, skating, skateboard, skateboarding, red bull, energy drink, muddin","aggressive, dark, angry, confident, cool, determined, motivated, strong, triumphant","sports, commercial, video game, broadcast/news, action",3,,0
The Glowing Forest - Riding,"Videogame, Score",Magical and animation-style orchestral score,64,Gm,3/4,Aeolian,2:10,"Orchestra, Flute, Strings, Percussion, Bass Drum, Music Box","Magic, Forest, Potion, Riding, Horses, Peter Pan, Neverland, Ride, Hero, Heroic","Dramatic, Magical, Mysterious, Whimsical, Driving, Heroic","Medieval, Animation, Fantasy, Romance, Video Game",3,,0
Headwinds,"Score, Hybrid",Dramatic videogamey hybrid score,95,Dm,4/4,Aeolian,2:10,"Orchestra, Strings, Synth Bass","Dramatic, Hybrid, Epic, melodic, videogame, adventure, adventurous, Superhero","Dark, Dramatic, Heroic ","Superhero, Action, Video Game",4,,0
Otro Narcorrido,Pop,"Spanish-language tune about drug trafficking, with spanish guitar",130,Em,4/4,Aeolian,2:10,"Elec Guitar, Synth, Elec bass, Piano, Male Vox, Female Vox","drugs, narco, latin, latin america, cartel, pablo escobar, cocaine","dark, moody, melancholy","documentary, drama",2,,0
Moodflower Nocturne,"Score, Piano",Solo piano nocturne type piece,80,Bb,3/4,Dorian,2:09,Piano,"Classical, Nocturne, Chopin, Ravel, Live, Real Piano, ","Moody, Eerie, Dramatic, Romantic","Romance, Drama",5,,0
"Set Sail, Lover","Score, Orchestral",A reflective and meditative piece featuring string swells and native american flute,100,E,4/4,Ionian,2:08,"Celeste, Strings, orchestra, horns","heart-wrenching, poignant, gray, misty, haunting, hopeful, hope, slow, largo, score, drama, dramatic, death, heartbreak, heartbroken, romance, romantic, moment, reality tv, acoustic","dramatic, lonely, heartbroken, emotional, sad, melancholy, contemplative, dark","Romance, drama, teen",3,,0
Glass Soul,Hip-hop,"Slow, abstract, and atmospheric hip hop beat ",135,Am,4/4,Aeolian,2:06,"Synth, elec. drums, bells","Glassy, hip hop, beat, sedate, rap, glass, shiny, tik tok, instagram, hangover, hung over, hiphop, edm, relaxed, melancholy, low, lil nas x, ethereal, surreal","calm, chill, cool, contemplative, laid-back, lonely, pensive, reflective, smooth","drama, romance, talk show",3,,0
March to Infinity,"Chiptune, Video Game",Videogamey chiptune tune,124,F,6/8,Mixolydian,2:05,"Synth, Elec. Drums","Videogame, game boy, chiptune, 8-bit, zelda, mario, amiga, commodore, tracker","Heroic, Resolute",Videogame,2,,0
You Are Victorious,"Chiptune, Videogame","High energy and ecstatic, happy retro chiptune style piece",150,D,4/4,Ionian,2:03,"Elec. Drums, Synth, Synth bass","Video game, tron, chiptune, hard, fast, hyper, speedy, battle, boss, funk, funky","Ecstatic, uplifting, cheerful",Video game,3,,0
Resolution and Wisdom,"Score, Orchestral","A slow and melancholic, melodic piece, featuring strings and clarinet",42,Ebm,4/4,Aeolian,2:03,"Strings, Orchestra, clarinet","Tragic, tragedy, sad, sadness, lonely, reflective, remorseful, regret, remorse, regret, heartbreak, poignant, romantic, romance, slow, breakup, death, acoustic,","calm, contemplative, sad, dramatic, melancholy, loss, moody, pensive, thoughtful","Romance, crime, drama, teen, fantasy",3,,0
Minstrel's Theme,"Score, Light",Peaceful medieval type theme that a bard might play,120,C#m,3/4,Dorian,2:03,"Harp, Hand Percussion, Percussion, Recorder, Flute","medieval, history, fantasy, architecture, art, castle, larp, photography, knight, middleages, reenactment, travel, vikings, cosplay, medievaltimes, mittelalter, viking, sword, warrior, knights, europe, medievalart, larping, armor, gothic, medievalarchitecture, nature, pagan, medievalworld, travelphotography, picoftheday, medievale, castles, france, church, larper, middleage, medioevo, history, medievalhistory, italia, italy, photooftheday, handmade, medievalreenactment, archery, costume, germany, photo, landscape, instagood, illustration, historical, drawing, mittelaltermarkt, moyenage, arthistory, castle, cosplay, arte, davinci, milan, portrait, elizabethan, leonardodavinci, thcenturyfashion, queenelizabethi, marystuart, jewellery, handmade, fallforcostume, anneboylen, elizabethan, handmadejewellery, houseoftudor, tudorstyle, elizabethandress, historicaljewellery, masterjakobus, michelangelo, tudorfashion, hechoamano, madeinspain, historicaljewelry, deutscherenaissance, valdeloire, aristocrat, aristocracy, peon, lord, king, tyrant, tyranny, village, villager, bard, minstrel,","peaceful, melancholy, magical, noble, relaxed, positive","Medieval, Romance, Animation, Heroic, Drama, Video Game",4,,0
Puffin Passion,"Score, Light, World, Celtic",Cheerful Irish-influenced score perfect for documentaries,115,Bb,4/4,Mixolydian,2:02,"Bagpipes, Harp, Strings, Percussion, flute, cello","irish, ireland, score, documentary, medical, creation, painting, medicine, house, nature, natural, discovery, animal planet, building things, construction, cheerful, happy, industrious, nature documentary, history channel, puffins, puffin   ","cheerful, adventurous, fun, happy, light, industrious, nature, active, exciting","Documentary, procedural, romance",4,,0
Adularescence,"EDM, Tropical House",Piano driven tropical house background music,135,Em,4/4,Aeolian,2:02,"Elec. Drums, Synth Lead, Cinematic Drums, Piano, Plucks","Beach, tropical, chill, beach, island, pop, ocean, Temptation Island, reality tv, reality show","Chill, relaxed, upbeat, happy, cheerful, low-key, carefree","romance, teen, romantic comedy, reality",2,,0
A Deep Dark Dirge,"Score, Videogame",A dark and heavy bass-melody,102,Gm,4/4,Aeolian,2:00,"Hi hat, choir, acoustic bass, cello","Ambient, ambiant, Ambiance, ambience underscore, hip hop, hip hop ambiance, trap, trap music, horror, thriller, crime, criminal, drama, terror, creepy, scary, sci-fi, urban, tension","Dark, Epic, Ominous, brooding, ","crime, drama, elimination, video game",4,,0
Subterranean Ambiance 2,"Score, Ambient","Seamless loop, magical piano and erhu ambiance.",90,G,4/4,Phrygian,2:00,"Piano, Celeste, Strings, Erhu","Ambient, Ambiant, Ambiance, Ambience, Erhu, Chinese, Eastern, China, loop, background, underscore, melancholy, sad, dark, gloomy, searching, lonely, idle, empty, quiet, deep, calm, contemplative, cool, melancholic, dreamy, ethereal, haunting, hypnotic, magical, mournful, mystical, peaceful, reflective, romantic, smooth, tranquil, piano, strings, violin, orchestra","Idle, Reflective, Waiting, Dreamy, Chill","animation, romance",3,,0
Subterranean Ambiance 3,"Score, Ambient","Seamless loop, magical piano and erhu ambiance.",90,G,4/4,Phrygian,1:59,"Piano, Celeste, Strings, Erhu","Ambient, Ambiant, Ambiance, Ambience, Erhu, Chinese, Eastern, China, loop, background, underscore, melancholy, sad, dark, gloomy, searching, lonely, idle, empty, quiet, deep, calm, contemplative, cool, melancholic, dreamy, ethereal, haunting, hypnotic, magical, mournful, mystical, peaceful, reflective, romantic, smooth, tranquil, piano, strings, violin, orchestra","Idle, Reflective, Waiting, Dreamy, Chill","animation, romance",3,,0
Birds,"Score, Light, World, Celtic",Harp and Cello Romantic Scor,74,G,4/4,Lydian,1:56,"Harp, Orchestra, Strings, Cello","Irish, Documentary, Romantic, Romance, Industrious, Active, Uplifting, Pastoral, Sweet, ","Cheerful, Industrious, Uplifting",Documentary,4,,0
Nepenthes,Rock,"A melodic, sampled guitar tune",80,Gb/F#,4/4,Ionian,1:55,"Guitar, Snaps, Drums, Bass","Uplfiting, Content, Melodic, Cheerful, casual, everyday, home improvement, ","Cheerful, happy, uplifting","Reality, Romance, Commercial",4,,0
Prisoner of Love - Obsession,"Score, Underscore","A dramatic tension track featuring strings, percussion, and hang drum for a tropical vibe.",130,Gm,4/4,Aeolian,1:52,"Strings, Orchestra, Hang Drum, Percussion","Drama, Tension, Drums, Percussion, Breakup, fight, lovers, quarrel, suspense, lover, temptation, epic, hang drum, beach, island, tropical, summer, love","confident, energetic, driving, epic, exciting, tense, dark, dramatic","action, builds, romance, drama, teen",3,,0
Wicked Gambit,"Score, Tension",Orchestral Dramatic Tension build,85,Dm,4/4,Aeolian,1:52,"Orchestra, Strings, Synth Bass","Dark, dramatic, tense, reality tv, tension, action, drama, dramatic","Intense, Dramatic, Angry","Reality, Action",4,,0
Adagvng,Hip-Hop,Heavy minimal hip hop groove,113,Dm,4/4,Aeolian,1:52,"Elec. Drums, Synth, Piano, Synth Bass","Heavy, Hiphop, beat, beats, hip hop, dark, trap, party, drinking, partying, rap, rapper, angry, aggressive, confident, cool, determined, disturbing, dramatic, energetic, evil, groovy, intense, ominous, foreboding, powerful, strange, suspense urban, synthesiser, drum machine, piano, Gangster","Dark, Hardcore, Heavy","Reality, Drama, Action",2,,0
Lime Lacroix,"Score, Epic",Driving and exciting trailer music type cue with drone and pitch bend technique,150,Fm,4/4,Aeolian,1:50,"Horn, Cello, Electronics, Cinematic Drums, String Section","Trailer, Epic, Commercial, Superhero, Marvel, DC, Batman, Spiderman, Spiderman 2, Flying, Batmobile, Chase Sequence,","Intense, Driving, Epic, Dark, Moody, Majestic,","Action, Superhero",5,,0
Deep Melancholy,"Score, Orchestral",A Cello and Piano duet expressing deep lonely regret or melancholy.,115,Bbm,4/4,Aeolian,1:48,"Piano, Cello, Strings, orchestra","Serenade, Cello Solo, Breakup, Death, Sadness, Memories, Lonely","Sad, Regretful, Melancholy, Deep, Blue, Lonely","Drama, Romance",4,,0
Arise,New Wave,Synth driven 80's inspired new wave type tune,145,Gm,4/4,Aeolian,1:48,"Elec Drums, Synth Bass, Synth, Synth Horn, ","Disco, Discotheque, New Wave, Cocaine, Party, Ghostbusters, Retro, Throwback, 1980s, 1980, 80s, Synth, Synth Brass, Saturday Night Fever, DJ, Disc Jockey, Synth Pop","Confident, Cool, Nostalgic, Driving, Party, Smooth, Strong, Upbeat","Romance, Romantic Comedy, Retro, Crime, Video Game, Crime, Action",2,,0
Electrum,"Score, Corporate","Fast and uplifting, Generic score",148,F#/Gb,4/4,Ionian,1:48,"Piano, Drums, Synth, Strings, ","Corporate, Uplifting, Cheesy, Tacky, Epic, ","Happy, Inspirational, Motivational","Corporate, Commercial",1,,0
Puffin Ditty,"Score, Light, World, Celtic",Cheerful Irish-influenced score perfect for documentaries,129,F#/Gm,3/4,Ionian,1:46,"Bagpipes, Harp, Strings, Percussion, flute, cello","irish, ireland, score, documentary, medical, creation, painting, medicine, house, nature, natural, discovery, animal planet, building things, construction, cheerful, happy, industrious, nature documentary, history channel, puffins, puffin   ","cheerful, adventurous, fun, happy, light, industrious, nature, active, exciting","Documentary, procedural, romance",4,,0
Shopping Spree,Corporate,Generic piano-driven commercial / corporate tune,115,D,4/4,Ionian,1:45,"Piano, Drums, Celeste","Corporate, generic, piano, rock, shopping, boring, bland, everyday, ","Everyday, bland, content, happy","Commercial, Corporate",2,,0
Battle Ships,"Score, Video Game, Orchestral",Melodic and adventurous heroic theme,75,D,4/4,Mixolydian,1:45,"Orchestra, Flute, Horns, Strings, Clarinet, Oboe","Adventure, adventurous, pirates, pokemon, action, comics, cartoons","Adventurous, exciting, anticipatory, ","video game, animation",3,,0
Evenfall,Underscore,"A romantic and moody, string and piano driven orchestral score",105,Bm,4/4,Aeolian,1:44,"Orchestra, String Section, Violins, Horn, Piano, Harp","Loss, Tragedy, Breakup, Romance, Nostalgia, Cheating, Remember, Childhood, Remembering","Gloomy, Melancholy, Moody, Romantic, Dark, Mourning, Sad","Drama, Romance, Teen",3,,0
Tourmaline,"EDM, Hyperpop",Upbeat indie electronic pop tune,92,Ebm,4/4,Aeolian,1:43,"Elec. Drums, Synth, Synth Bass","indie, boys, upbeat, electronic, pop, electronica, PC, Music, videogame, uplifting, cheerful, sweet, cheerful happy, bouncy, calm, fun, happy, joyful, light, playful, positive, video game, drum machine, synthesiser, electric piano, friendly, cute, electronica","Happy, Nostalgic, ","Reality, Teen, romance",3,,0
Peaceful Curiosity,"Ambient, Videogame",Sweet ambient piece featuring angelic marimba and flute,124,Eb,4/4,Ionian,1:42,"Marimba, percussion, synthesizer, flute","water level, underwater, water, waterfall, submarine, meditation, ambient, ambiant, ambience, ambiance peace, peaceful, swimming, fish, sunset, evening, dusk, sweet, relaxing, chill, content, happy, nail salon, spa, massage, theme park, amusement park, game, video game, videogame, gamer, gaming, playstation, nintendo, xbox","calm, cheerful, chill, content, dreamy, happy, hopeful, laidback, magical, peaceful, pleasant, relaxing, uplifting","animation, broadcast/news, romance, video game",2,,0
"Beginning of Something Beautiful, The","Ambient, Videogame","Nostalgic, piano driven orchestral video game type piece",91,Bbm,3/4,Aeolian,1:42,"Orchestra, Strings, Harp, Flute, Celeste, Piano","Wholesome, sweet, reminiscent, memories, memory, nostalgic, childhood, child, video game, toys, toy store, sweet, kind, nostalgia, game, cheerful, warmth, acoustic","nostalgic, content, chill, cheerful, happy, hopeful, peaceful, pleasant, uplifting, relaxed, sweet, whimsical","animation, children, video game, romance",3,,0
Get Jacked,"Tropical House, Pop",A cinematic / orchstral hip hop track featuring a trap beat with orchestral elements.,106,Cm,4/4,Aeolian,1:41,"Elec. Drums, Synth, Synth Bass, Percussion, ","Workout, hardcore, epic, tension, tense, rocky, boxing, wrestling, hero, heroic, waiting, anticipation, fight, competition, competitive, drama, time, ticking clock, edm, football, sports, superbowl, extreme sports, skydiving, x-games","Tense, Heroic, Confident, Dark, Driving, Energetic, Exciting, Suspenseful, Tense, Aggressive","Builds, Sports, Olympics, Reveal, Teen, Action",1,,0
Good Morning Bill,"Ambient, Score","A relaxed, bright, and meditative piece evocative of a misty sunrise",57,F,4/4,Lydian,1:41,"Celeste, Flute, Ethnic Flute, Synth ","Bright, Ethereal, Meditative, Meditation, Relaxing, Waking Up, Morning, Sunrise","Relaxed, Uplifting, Chill","Documentary, Romance, Drama",4,,0
New King,"Score, Orchestral","A regal and militaristic horn driven orchestral cue, featuring snare drums like a military march",176,Cm,4/4,Aeolian,1:39,"Strings, Horn, Percussion, Orchestra, Clarinet, Oboe","Reckoning, Arrival, Military, Medieval, Epic, King, Regal, Royal, Star Wars, March, Coronation, Court, Kingdom ","Noble, Epic, Resolute, Romantic, Triumphant","Medieval, Action, Animation, Drama, Heroic, Military",2,,0
The Ripple Effect,"Score, Piano",Eerie and dramatic piano solo,75,Bm,6/8,Aeolian,1:39,Piano,"Spooky, Eerie, horror, crime, romantic, traveling, smoke, fog, overcast","moody, spooky, eerie",drama,2,,0
Firewine,Jazz,Jazzy tune with a fun piano solo,115,Em,4/4,Aeolian,1:38,"Piano, Drum set, Guitar","Jazz, Piano solo, keyboard solo, solo, lick, smooth, smooth jazz, jazzy, smoky, jazz club, club, speakeasy, romance, coffee, coffee shop, shopping, upscale, shopping mall, acoustic","laid-back, cool, glamorous, positive, relaxed, chill, ","commercial, talk show, romance, romantic comedy, drama",4,,0
Ascendancy,Hip-Hop,a victorious Horn-driven hip-hop beat with an EDM sensibility,133,G#m,4/4,Aeolian,1:38,"Trap Drums, Synth Bass, Horn Section, Synth Pluck","Fight, Sports, Boxing, Victory, Trap, Hip Hop, Fighting, MMA, Win, Winning ","Adventurous, Aggressive, Active, Competitive, Confident, Determined, Energetic","Action, Sports, Game Show",2,,0
Heavy Waves,"Score, Videogame",Heavy and trudging dungeon crawler score,62,Gm,2/4,Phrygian,1:38,"Choir, Big Drums, Percussion, Synth Bass","Dungeon, Dark, Evil, Trudging, intense, heavy, chain gang, hard work, monsters, ","Dark, Epic, Ominous, anxious","Video Game, Heroic, crime, drama, elimination",4,,0
Imagine Ecuador,"EDM, Tropical House",A Sweet and cheerful tropical house tune ready for the beach,115,G,4/4,Ionian,1:38,"Synth, Synth Bass, Elec Drums, Xylophone, Percussion, Synth Flute","tropicalhouse, deephouse, housemusic, dj, progressivehouse, tropical, edm, futurehouse, house, tropicalvibes, kygo, electronicmusic, architecture, kygomusic, reggaemusic, newmusic, hardstyle, nudisco, dj, dubstep, trance, techhouse, homedecor, dancemusic, techno, producer, interiordesign, interior, design, kygo, cheerful,, tropical, island, beach, sunset, reef, coral, ecuador, waves, ocean, sea, dolphin, scuba diving, snorkeling, submarine, kayak, kayaking, surfing, freedom, stunnas, sunglasses, shades, cabana, tiki, gecko, lizard, parrot, parrots, island, hawaii, caribbean, south pacific , temptation island, temptation, paradise, volcano, parasailing, paragliding, hang gliding, margarita","carefree, cheerful, fun, happy, joyful, carefree, adventurous","Romance, Romantic Comedy, Teen, Drama",4,,0
Cheerful Arcade,"EDM, videogame","Fast, bleepy, arcadey synth tune,",170,Db,4/4,Mixolydian,1:37,"Synth, Synth Bass, Elec. Drums","video game, manic, caffeine, speedy, zippy, hyper","cheerful, happy, hyper",video game,1,,0
Dance Fever,"Chiptune, Video Game",Videogamey chiptune tune,140,B,4/4,Lydian,1:35,"Synth, Elec. Drums","Videogame, game boy, chiptune, 8-bit, zelda, mario, amiga, commodore, tracker, hyperpop, club, pop, Wiggly","Retro, Fun",Videogame,2,,0
Why Go,"Tropical House, Pop",An upbeat and cinematic tropical house tune featuring synth flute,110,Cm,4/4,Dorian,1:33,"Piano, Synth Bass, Synth, Synth Flute, Elec. Drums, Percussion","Tropical, Beach, Island, Temptation Island, Tropic, House, Upbeat, Dorian Mode, EDM, South Pacific, Kygo, Plucks, Paradise, Kava, Fiji, Vanuatu, club, relaxing, tanning, coconuts","Cheerful, Upbeat, Chill, Relaxed","Romance, Romantic Comedy, Drama, Commercial",3,,1
Enter the Toy Factory,"Score, Orchestral, Christmas",A cheerful and joyous christmas overture type piece featuring a high energy intro and ending,135,Bb,3/4,Ionian,1:33,"Orchestra, Strings, Percussion, Horn, Violins, Sleighbells, Celeste","christmas, xmas, christmas tree, christmas decor, handmade, love, merry christmas, santa, winter, christmas time, gift, christmas gifts, holidays, holiday, gifts, christmas is coming, navidad, christmas decorations, santa claus, snow, christmas gift, noel, art, christmas lights, family, Charlie Brown","Cheerful, Happy, Festive, Joyful, Playful, Fun, Nostalgic","Holiday, Commercial, Special Occasion, Animation, Romance",5,,1
Prisoner of Love - Passion,"Score, Underscore",A very sad and slow piano solo with a synth bass tension build at the end.,65,Gm,4/4,Aeolian,1:32,"Piano, Synth Bass","Drama, sad, breakup, lonely, depressed, temptation, expectation, suspense, fight, quarrel, lovers, love, introspective","sad, depressed, lonely, introspective, melancholy","drama, romance, romantic comedy, teen",3,,0
Call me Nemo,Hip-hop,Hip-hop tune featuring plucked strings.,80,Dm,6/8,Aeolian,1:32,"Elec. Drums, Synth Bass, Strings, Plucked Strings","Hiphop, hip hop, beat, beats, rap, sale, plucked, heavy, alternative, aggressive, big, confident, cool, driving, epic, groovy, ominous, powerful, urban, strings, synthesiser, drum machine, sail","Plodding, Moody, Determined, Solid, Confident","Commercial, Drama, Crime",2,,0
Folk Melody,"Score, Orchestral","Slow, romantic wedding-type theme featuring piano and orchestra",96,G#m,4/4,Ionian,1:32,"Piano, Orchestra, Strings, Flute","Wedding, Romantic, Slow, melody, melodic, sweet, folk, folk song, pastorale, pastoral, romance, nostalgic, reminiscent, marriage, pachelbel, cartoon, sweetness, home, home sweet home, frontier, main theme, theme, melodic, melody, ","uplifting, calm, romantic, hopeful, thoughtful, sentimental","romance, romantic comedy",2,,0
A Capital Idea,"Score, Quirky","A quirky, funny, sneaky orchestral tune",107,Bm,3/4,Dorian,1:27,"Orchestra, Celeste, Clarinet, Bass Clarinet","Sneaky, Quirky, Funny, Odd, ","Funny, Silly, Sneaky",Commercial,4,,0
Subterranean Ambiance 1,"Score, Ambient","Seamless loop, magical piano and erhu ambiance.",90,Gm,4/4,Aeolian,1:27,"Piano, Celeste, Strings, Erhu","Ambient, Ambiant, Ambiance, Ambience, Erhu, Chinese, Eastern, China, loop, background, underscore, melancholy, sad, dark, gloomy, searching, lonely, idle, empty, quiet, deep, calm, contemplative, cool, melancholic, dreamy, ethereal, haunting, hypnotic, magical, mournful, mystical, peaceful, reflective, romantic, smooth, tranquil, piano, strings, violin, orchestra","Idle, Reflective, Waiting, Dreamy, Chill","animation, romance",3,,0
Brass Attack,"Hip Hop, Beat",Brass stab beat with bendy lead guitar,70,G,4/4,Ionian,1:27,"Drums, Brass, Elec. Guitar","Action, sports, trucks, extreme, extreme sports, beer, rock, muddin' commercial","Heavy, Hardcore, Motivational","Commercial, Reality",3,,0
"A Bigger, Brighter Christmas","Score, Christmas",Another cheerful and upbeat orchestral christmas tune,85,Bb,4/4,Ionian,1:26,"Orchestra, Violins, String Section, Horns, Celeste, Flute, Sleighbells","Gifts, Christmas, Candy, Christmas Tree, Xmas, Presents, Celebration,","Cheerful, Happy, Joyous, Celebratory","Reality, Drama",4,,1
Lazy Christmas,"Rock, Light",A laidback and contented christmas jam,70,Bm,4/4,Ionian,1:25,"Piano, Upright Bass, Drum Set, Celeste, Violins, Sleighbells","christmas, xmas, christmas tree, christmas decor, handmade, love, merry christmas, santa, winter, christmas time, gift, christmas gifts, holidays, holiday, gifts, christmas is coming, navidad, christmas decorations, santa claus, snow, christmas gift, noel, art, christmas lights, family, Charlie Brown, dope, the beatles, maxwell's silver hammer, lazy, content, laidback, beatles, ","Cheerful, Happy, Chill, Lethargic, Relaxing, Whimsical","Holiday, Commercial, Special Occasion, ",2,,1
Mining Town Shuffle,"Chiptune, Video Game",Videogamey chiptune tune,112,Db,4/4,Ionian,1:25,"Synth, Elec. Drums","Videogame, game boy, chiptune, 8-bit, zelda, mario, amiga, commodore, tracker, contrapuntal","Happy, Silly, cute",Videogame,2,,0
A Green Adventure,"Score, Orchestral",An adventurous march evocative of Pokemon,120,Ab,6/8,Ionian,1:24,"Orchestra, Strings, Violin, Horn, Percussion, Bass Drum","Pokemon, Adventure, march, journey, traveling, excitement, digimon, anime, animation, cartoon, beginning, pokemon battle, video game, gamer, gaming, game boy, nintendo, japanese, dorky, young, childish, andante, walking speed, acoustic, epic","adventurous, cheerful, confident, determined, epic, excited, fun, victorious","Reality TV, video game, comedy, animation, children, fantasy, heroic, teen",3,,0
Pixel Party,"Chiptune, Video Game",Videogamey chiptune tune,130,F#m,4/4,Aeolian,1:24,"Synth, Elec. Drums","Videogame, game boy, chiptune, 8-bit, zelda, mario, amiga, commodore, tracker","Happy, Cheerful, Sparkly",Videogame,2,,0
A Big Bouncy Christmas,"Score, Orchestral, Christmas","A cheerful, upbeat, and quirky christmas piece featuring plucked strings and marimba",190,G,4/4,Ionian,1:23,"Orchestra, Violins, Marimba , Celeste, Perc, Sleighbells","christmas, xmas, christmastree, christmasdecor, handmade, love, merry christmas, santa, winter, christmas time, gift, christmas gifts, holidays, holiday, gifts, christmas is coming, navidad, christmas decorations, santa claus, snow, christmas gift, noel, art, christmas lights, family, Christmas, Shopping, Black Friday, Presents, Gifts, Christmas Tree, Candles, Feast, Mall, Charlie Brown","Cheerful, Happy, Cute, Festive, Joyful, Playful, Silly, Fun","Holiday, Commercial, Special Occasion, Animation, Romatic Comedy",5,,1
Alexandria's Arctic Adventure,"Score, Light, Quirky","Adventurous, light orchestral score",130,Em,Varies,Aeolian,1:23,"Orchestra, Strings, Horns, Woodwinds","Adventure, travel, journey, hiking, epic, orchestra, orchestral, acoustic, expansive, nature, natural, documentary, traditional, inspiring, elevated, transcendant, motivational, Depth, big, confident, determined, discovery, hopeful, inspirational, optimistic, pompous, romantic, video game, strings, violin, oboe, horns, flutes, double bass, cello, brass, bassoon","Quirky, Adventurous, Fun","Reality, Teen, Drama, Commercial",4,,0
An Unresolved Conclusion,"Score, Orchestral","A Deep, lonely, spooky piece, for the end of a crime drama",115,Bbm,4/4,Aeolian,1:22,"Orchestra, Piano, Percussion","Godfather, Horror, Dark, Revelation, Evil,","Creepy, Spooky, Evil, Depressing","Horror, Crime, Drama",4,,0
Action Christmas,"Score, Orchestral, Christmas","A quirky, sneaky, spy-type christmas tune.",140,C,4/4,Aeolian,1:22,"Orchestra, Violins, String Section, Celeste, Synth Bass, Elec. Percussion, Drum Set, Elec .Drum set","christmas, xmas, christmastree, christmasdecor, handmade, love, merry christmas, santa, winter, christmas time, gift, christmas gifts, holidays, holiday, gifts, christmas is coming, navidad, christmas decorations, santa claus, snow, christmas gift, noel, art, christmas lights, family, Christmas, Shopping, Black Friday, Presents, Gifts, Christmas Tree, Candles, Feast, Mall, Mega Tree, Tree Lighting, Reveal, Big Moment, Spy, Mission, Mission Impossible, Sneaky, Quirky, Sneak, Agent, ","Cheerful, Festive, Joyful, Energetic, Excited, Fun, Playful, Intense, Sneaky","Special Occasion, Holiday, Comedy, Animation",3,,1
Trivium,"Score, Tension",Dark and dramatic synth tension track,115,Cm,4/4,Aeolian,1:21,"Synth, Synth Pad, Synth Bass, Synth Plucks, Strings,","Temptation Island, build, buildup, tension, tense, breakup, fight, voting, judgement, judging, dark, forensic, forensics, ambient, ambiant, ambience, ambiance csi, crime scene, action, puzzle, clue, scifi, drama, mood, texture, deep, halloween, ","Dark, tense, tension, moody, suspenseful, builds, buildup, waiting, wait, reveal, eerie, spooky, moody, anxious, brooding, dramatic, intense, conflicted, judging, ominous, spooky,","Reality, romance, teen, unscripted, crime, elimination, game show, reveal, sci-fi",4,,0
6/8 Chiptune Dungeon,Chiptune,Simple 6/8 chiptune dungeon crawler groove,95,Bm,6/8,Aeolian,1:21,Synth,"6/8, chiptune, 8bit, retro, old school, nintendo, playstation, video game, game, games, gamer, gameboy, dungeon, rpg, rts, real time strategy, strategy, youtube, instagram, tik tok, tiktok, calm, dark, fun, haunting, ominous, foreboding, suspense, tension, synthesiser, drum machine, hypnotic, high tech","Dark, Moody, Evil",Videogame,1,,0
Herpy Derpy Halloween,"Comedy Quirky, Halloween","Brass driven, oom-pa quirky halloween track",55,Cm,4/4,Aeolian,1:20,"Tuba, Horns, Strings, Violin, Oboe","Halloween, dorky, silly, comedy / quirky, ghosts, goblins, pumpkin, omenous, joke, fun, funny","Spooky, Dorky, Halloween","Commercial, Reality",3,,0
Take What's Mine,Pop,Billie-eilish inspired...,,,4/4,Aeolian,1:19,"Elec. Drums, Synth, Synth Bass, Female Vox",,,,1,,0
A Grand Conclusion,"Score, Orchestral","A dramatic, moody, orchestral piece with two sections, an introduction section and a thematic section",115,Bbm,4/4,Aeolian,1:19,"Orchestra, clarinet","Drama, Moody, Unresolved, Melodic, Dramatic, Medieval, Game of Thrones, ","Epic, Melancholy, Unhappy, Tortured, Uncertain, Unresolved","Drama, Medieval, Action, Main Theme, Crime",4,,0
Block Buggit,"EDM, Bass Music",A speedy dubstep influenced Bass-music track featuring wobble synths,150,Cm,4/4,Aeolian,1:17,"Synth Bass, Synth, Elec. Drums","Wobble, Dubstep, Bass Music, Video game, Fox Stevenson, Commercial, Future, Futurebass, Future House","Driving, Intense, Futuristic, aggressive, energetic, excited, fun, powerful","Action, Commercial, Club, chase/fight, Sci-fi",2,,0
Music Box,Score,Simple and whimsical music box type tune,132,D,3/4,Ionian,1:17,"Harp, Bells, Flute, Bass","childish, cute, sweet, whimsical, kids, music box","cute, happy, whimsical","animation, commercial, children",3,,0
As the Forest Burns,"Score, Drama","Intense, suspenseful orchestral track with live instruments.",145,Ebm,4/4,Aeolian,1:17,"Percussion, Big Drums, Strings, Erhu","Intense, Stressful, Erhu, Chinese, Eastern, Traditional, Drama, Dramatic, Death, Torture, Suspense, Suspenseful, Big, Explosion, Fire, Dying, Chase, Chase Scene, Sequence, Crying, Screaming, angry, aggressive, cool, dark, disturbing, energetic, epic, heavy, magical, foreboding, scary, tension, video game","Intense, Stressful, Aggressive, Angry","Reality, Romance, Drama, Action",4,,0
Bees and Caffeine,EDM,"A zippy, uplifting, and happy indie-electronica tune.",86,Eb,4/4,Ionian,1:16,"Synth, Synth Bass, elec. drums","Indie, independent, chimes, chaotic, bouncy, bright, cheerful happy, fun, happy, hopeful, joyful, lively, magical, playful, positive, uplifting, video game, Electronica, Charli, British, energetic, upbeat, Cheerful, spazzy","Happy, Uplifting, Cheerful","Commercial, Romance",1,,0
Building our Village,"Score, Light","Peaceful yet resolute, determined, and active medieval theme",120,C#m,3/4,Dorian,1:15,"Harp, Hand Percussion, Cello, Recorder, Flute","medieval, history, fantasy, architecture, art, castle, larp, photography, knight, middleages, reenactment, travel, vikings, cosplay, medievaltimes, mittelalter, viking, sword, warrior, knights, europe, medievalart, larping, armor, gothic, medievalarchitecture, nature, pagan, medievalworld, travelphotography, picoftheday, medievale, castles, france, church, larper, middleage, medioevo, history, medievalhistory, italia, italy, photooftheday, handmade, medievalreenactment, archery, costume, germany, photo, landscape, instagood, illustration, historical, drawing, mittelaltermarkt, moyenage, arthistory, castle, cosplay, arte, davinci, milan, portrait, elizabethan, leonardodavinci, thcenturyfashion, queenelizabethi, marystuart, jewellery, handmade, fallforcostume, anneboylen, elizabethan, handmadejewellery, houseoftudor, tudorstyle, elizabethandress, historicaljewellery, masterjakobus, michelangelo, tudorfashion, hechoamano, madeinspain, historicaljewelry, deutscherenaissance, valdeloire, aristocrat, aristocracy, peon, lord, king, tyrant, tyranny, village, villager, bard, minstrel,","resolute, confident, peaceful, adventurous, active, noble, positive","Medieval, Romance, Animation, Heroic, Drama, Video Game",4,,0
Reckoning,Score Orchestral,A simple and percussive string section and synth build,120,Em,4/4,Aeolian,1:14,"String Section, Orchestra, Percussion","Waiting, Reckoning, Final Decision, Excitment, military, competition, anticipation, giddy, climactic, epic, triumphant, chef, cooking, game, game show, winning, anticipatory","Excited, Triumphant, Confident, Epic, noble, resolute, tense","Competition, Sports, Builds, Game Show",3,,0
An Aberration,Comedy Quirky,Dorky and quirky underscore or commercial piece,120,Cm,4/4,Aeolian,1:14,"Bass Clarinet, Strings, Violin, Percussion, Marimba","Quirky, sneaky, silly, spooky, halloween, cute, funny, depressed, drug commercial, antidepressant, drug, commercial, insurance, cleaning products, advertisement, ad, bass clarinet, costume, fun, acoustic","quirky, creepy, fun, laid-back, fun, festive, mysterious, silly","special occasion, comedy, commercial",3,,0
Bursting with Spirit,"Chiptune, Video Game",Videogamey chiptune tune,171,Fm,4/4,Aeolian,1:14,"Synth, Elec. Drums","Videogame, game boy, chiptune, 8-bit, zelda, mario, amiga, commodore, tracker","Passionate, Intense, Fun",Videogame,2,,0
Frenzied Fury,"Chiptune, Video Game",Videogamey chiptune tune,170,Eb,4/4,Lydian,1:14,"Synth, Elec. Drums","Videogame, game boy, chiptune, 8-bit, zelda, mario, amiga, commodore, tracker, sparkly, manic","Caffeinated, Excited, Fun",Videogame,2,,0
Bicycle Ride,"Videogame, Score","A sweet, uplifting harp driven loop with a changing meter",140,Db,Varies,Ionian,1:12,"Orchestra, Strings, Harp, Celeste","Video game, bike ride, bike, rpg, zelda, roleplay, innocent, sweet, sugary, kind","uplifting, cheerful, happy, content, contented","Videogame, Drama, Romance",3,,0
Wreaths and Candles,"Score, Orchestral, Christmas",A magical and uplifting christmas overture type piece,97.5,D,4/4,Ionian,1:11,"Orchestra, Strings, Percussion, Horn, Tubular Bells, Sleighbells, Celeste, Flute, Oboe, Trumpet","christmas, xmas, christmas tree, christmas decor, handmade, love, merry christmas, santa, winter, christmas time, gift, christmas gifts, holidays, holiday, gifts, christmas is coming, navidad, christmas decorations, santa claus, snow, christmas gift, noel, art, christmas lights, family, Charlie Brown, Church, church service, sleighride, sledding, snowflakes, powder, ice skating","Cheerful, Happy, Sentimental, Hopeful, Nostalgic, Romantic","Holiday, Commercial, Special Occasion, Animation, Romance",5,,1
Deck the Afterburners,"Score, Orchestral, Christmas","A high energy, fast arrangement of Deck the Halls",145,A,4/4,Ionian,1:11,"Orchestra, Strings, Percussion, Horn, Tubular Bells, Sleighbells","christmas, xmas, christmas tree, christmas decor, handmade, love, merry christmas, santa, winter, christmas time, gift, christmas gifts, holidays, holiday, gifts, christmas is coming, navidad, christmas decorations, santa claus, snow, christmas gift, noel, art, christmas lights, family, Charlie Brown, speedy, quick, manic, mania, light speed, rocket, fast, ","Cheerful, Happy Cute, Festive, Joyful, Energetic, Excited, Fun, Playful","Holiday, Commercial, Special Occasion, Animation, Romance",5,,1
Space Cats,"EDM, videogame",Bleepy synth tune reminiscent of Nyan Cat,88,Gb,4/4,Ionian,1:10,"Synth, elec. drums, synth bass","silly, cute, video game, arcade, gamey, videogame, nintendo, nyan cat, nyan, cat, spazzy, random, innocent, fun, adorable, wacky, weird, spastic, neon, bright, colorful, swing, fast, slow, speedy, quick, ","cute, bouncy, cheerful, epic, fun, playful, positive, whimsical, youthful","animation, commercial, video game, teen",3,,0
Zipping Down the Runway,"Chiptune, Video Game",Videogamey chiptune tune,90,C#m,4/4,Aeolian,1:09,"Synth, Elec. Drums","Videogame, game boy, chiptune, 8-bit, zelda, mario, amiga, commodore, tracker","Cheerful, Happy",Videogame,2,,0
Magical Glade,"Score, Drama",Sparkling and magical piano-driven neo-impressionistic piece featuring erhu and cello,82,Db,4/4,Mixolydian,1:08,"Piano, Erhu, Strings, Cello, bells","Magic, pastoral, tension, tense, magic, magical, asian, asia, eastern, china, chinese, neoexpressionist, expressionism, impressionism, romance, romantic era, debussy, acoustic, instrumental, live, piano solo, solo piano, solo, pastorale, animation, cartoon","Magical, romantic, dreamy, mysterious, uplifting, warm, calm, whimsical","animation, romance, main title",5,,0
Lonesome Shore,"Score, Orchestral",A String and Wind ambient track inspired by a gray morning on the coast.,115,Bbm,4/4,Aeolian,1:06,"Strings, Oboe, Clarinet, Orchestra","Fog, Shoreline, Ships Sailing by, Shadows, Gray, Lighthouse","Contemplative, Ambient, Spooky, Lonely, Curious,","Horror, Drama, Romance",4,,0
Keynote,Corporate,Piano driven generic corporate track,108,Eb,4/4,Mixolydian,1:06,"Piano, Horn, Strings","Corporate, keynote, introduction, presentation, speech, corporation, commercial, innovative, innovation","Inspiring, Inspirational, Uplifting",Corporate,2,,0
Wildflower,"Score, light",Cutesy and innocent plucked string waltz with flute and celeste,133,D,3/4,Ionian,1:06,"Strings, flute, bells, celeste","ad, advertisement, commercial, cute, innocent, waltz, adorable, children, child, kid, fun, dance, ballet, dancing, insurance, medical, drug, medicine, medication, sweet, young, childish, dorky, derp  ","innocent, cute, bouncy, carefree, cheerful, fun, happy, peaceful, playful, whimsical, uplifting","animation, commercial, children, fantasy",3,,0
Igneous Rock,"Chiptune, Video Game",Videogamey chiptune tune,120,G,4/4,Ionian,1:06,"Synth, Elec. Drums","Videogame, game boy, chiptune, 8-bit, zelda, mario, amiga, commodore, tracker","Happy, Fun, Busy",Videogame,2,,0
Omen,"Score, Underscore","Melancholic string underscore featuring a horn lead, with an uplifting ending",76,Dm,4/4,Aeolian,1:05,"Strings, orchestra, horn","Fanfare, melancholic, royal, royalty, king, queen, game of thrones, reality tv, medieval, castle, lord of the rings, uplifting, moody, mmo, rts, rpg, gamer, gaming, title, game show,","brooding, emotional, epic, dark, building, confident, dramatic, uplifting","animation, broadcast/news, drama, game show, medieval, video game",3,,0
Attack of the Horsemen,"Score, Orchestral, Video game",Dramatic riding type orchestral theme with horn lead,80,C#m,6/8,Aeolian,1:05,"Orchestra, Cello, Horns, Violins","Attack, Dramatic, War, Riding, Horses, LOTR, Lord of the Rings, Knights, RPG, Age of Empires","Dangerous, Menacing, Dramatic, Mean","Action, Medieval",4,,0
Tragedy in a Bright new Era,"Score, Orchestral","Lonesome, bassoon-lead, sad orchestral score",47,Bbm,3/4,Aeolian,1:05,"Strings, Bassoon, Clarinet, Oboe","Lonely, Lonesome, Depressing, Tragic, tragedy, sad, death, heartbreak","Moody, Sad, Melancholy","Romance, Drama",3,,0
Alien Farmhouse,"Chiptune, Video Game",Videogamey chiptune tune,105,D,4/4,Ionian,1:05,"Synth, Elec. Drums","Videogame, game boy, chiptune, 8-bit, zelda, mario, amiga, commodore, tracker","Happy, Silly, cute",Videogame,2,,0
Fever Dream,"Score, Horror",Disturbing sound design journey into the depths of dark abyss,117,Db,4/4,Aeolian,1:01,"Synth, Drums, Electronics, Female Vox","horror, murder, scary, creepy, terror, demented, disturbed, ghosts","terror, fear, scared, demented, disturbed",Horror,3,,0
Fierce Efficiency,"Score, Orchestral, Trailer",An orchestral trailer-music type track with a dramatic build and an uplifting ending,190,Cm,4/4,Aeolian,0:59,"Orchestra, Synthesizer, Horn, Strings","epic, trailer, sci-fi, space ship, launch, landing, spy, mission, heist, break-in, chase, landscape, mountains ","exciting, confident, cool, inspirational, victorious, energetic, sports, news","Trailer, Builds, Action, Sci-fi, Reveal, Main Title, Heroic, Sports, News",3,,0
Christmas Candy,Christmas,A sweet and comforting tune featuring celeste and strings,103,Eb,4/4,Ionian,0:59,"Strings, Celeste, Bells","christmas, xmas, christmas tree, christmas decor, handmade, love, merry christmas, santa, winter, christmas time, gift, christmas gifts, holidays, holiday, gifts, christmas is coming, navidad, christmas decorations, santa claus, snow, christmas gift, noel, art, christmas lights, family, Charlie Brown, candy, romance, christmas eve, Sleigh,","Cheerful, Happy, Sentimental, Nostalgic, Hopeful, Inspirational, Relaxing, Romantic, Whimsical","Holiday, Commercial, Special Occasion, Animation, Romance",3,,1
Spider Dance,Comedy Quirky,"Videogamey, sneaky and dorky theme",78,Bm,2/4,Aeolian,0:58,"Orchestra, Flute, Horn, Strings, Marimba","Silly, sneaky, cute, strawberry shortcake, cheerful, puzzle, video game, puzzle game","Sneaky, quirky, silly, comedy, fun, funny","Video game, animation",2,,0
Eastern Heartbreak,"Score, Drama","Short, Heart-wrenching and romantic piece featuring live cello, erhu, and piano.",48,Fm,4/4,Aeolian,0:53,"Strings, Cello, Piano, Erhu","Eastern, Chinese, Romance, Heartbreak, Breakup, Sadness, Heartwrenching, depressing, Japanese, Erhu, Live, Acoustic, orchestra, orchestral, score, underscore, romantic, magic, magical, calm, contemplative, down, melancholic, dramatic, elegant, ethereal, haunting, melancholy, mournful, passionate, powerful, reflective, tension, strings, cello, double bass, violin, horns, piano","Sad, Tragic, Heartbreaking","Romance, Drama",5,,0
Pastoral Sweets,"Score, Orchestral","Sweet, cheerful, melodic score with a dramatic ending",76,A,4/4,Lydian,0:49,"Strings, Oboe, Celeste, Clarinet, Flute","Sweet, nostalgic, motion, childhood, adventure, outdoors, magic, magical, wholesome, bonding, friendship, forest, woods, cartoon, animation, excitement, ","nostalgic, content, chill, cheerful, happy, hopeful, peaceful, pleasant, uplifting, relaxed, sweet, whimsical, magical","animation, children, video game, romance",4,,0
Goofy Energy,"Score, Comedy Quirky",Quirky tune with a melancholic ending,76,A,4/4,Mixolydian,0:47,"Strings, Oboe, Plucked strings, ","Quirky, cute, wholesome, sneaky, silly, magical, magic, plucked, plucked strings, pizzicato, commercial, advertisement, ad, random, adorable, nostalgic, health, narnia, sweet, lovely","magical, emotional, hopeful, intrigued, thoughtful, whimsical, uplifting","animation, children, video game, romance",3,,0
Sled Run,"Score, Orchestral, Christmas",A short and exciting little christmas build,160,B,4/4,Ionian,0:45,"Orchestra, Violins, String Section, Horns, Celeste, Flute","christmas, xmas, christmastree, christmasdecor, handmade, love, merry christmas, santa, winter, christmas time, gift, christmas gifts, holidays, holiday, gifts, christmas is coming, navidad, christmas decorations, santa claus, snow, christmas gift, noel, art, christmas lights, family, Christmas, Shopping, Black Friday, Presents, Gifts, Christmas Tree, Candles, Feast, Mall, Mega Tree, Tree Lighting, Reveal, Big Moment, ","Cheerful, Happy, Cute, Festive, Joyful, Energetic, Excited, Fun, Playful","Special Occasion, Holiday, Romance, Romantic Comedy",5,,1
Tree Lighting,"Score, Orchestral, Christmas","A short, cheerful christmas themed 'reveal' type build.",160,D,4/4,Ionian,0:36,"Orchestra, Violins, String Section, Horns, Celeste, Flute","christmas, xmas, christmastree, christmasdecor, handmade, love, merry christmas, santa, winter, christmas time, gift, christmas gifts, holidays, holiday, gifts, christmas is coming, navidad, christmas decorations, santa claus, snow, christmas gift, noel, art, christmas lights, family, Christmas, Shopping, Black Friday, Presents, Gifts, Christmas Tree, Candles, Feast, Mall, Mega Tree, Tree Lighting, Reveal, Big Moment, ","Cheerful, Happy, Cute, Festive, Joyful, Energetic, Excited, Fun, Playful","Special Occasion, Holiday, Romance, Romantic Comedy",5,,1
The Glowing Forest - Potion,"Videogame, Score",Dramatic and magical stinger / bumper clip,64,Gm,6/8,Aeolian,0:34,"Orchestra, Flute, Strings, Percussion, Bass Drum, Music Box","Magic, Forest, Potion, Dreaming, Dreamland, Sleepy, Peter Pan, Neverland, ","Magical, Relaxed, Calm, Content, Hopeful, Laidback, Whimsical","Medieval, Animation, Fantasy, Romance, Video Game",3,,0
Aquiver,"Logo, Bumper",A short corporate intro stinger or bumper piece,129,Db,4/4,Ionian,0:32,"Synth, Strings, Horn, Harp","Corporate, Intro, Introduction, Stinger, Bumper, Logo, Sound Logo, Corporation, innovative, innovation, inspirational, inspiration, inspire, short, miniature, mini, commercial, advertisement, ad, acoustic","inspirational, cheerful, dreamy, epic, hopeful, inspirational, intrigued, pleasant, positive, smooth, uplifting","broadcast/news, builds, game show, talk show",3,,0
Satellite Fragger,Videogame,"Synthy, explosive sci-fi intro stinger",155,Gm,4/4,Phrygian,0:24,"Synthesizer, orchestra, percussion, strings","Aliens, space, sci-fi, science fiction, phrygian, terror, stinger, intro, introduction, helicopter, dramatic, shock horror, supervillain, superhero, marvel, dc comics, comic, action, weapon, laser, attack, space ship, space craft, ufo, flying saucer, game, gaming, video game, spy, 007, james bond","aggressive, dark, epic, ominous, suspenseful, tense, strong","sci-fi, horror/thriller, video game, action",5,,0
Timeline Drift,Videogame,"Synthy, sci-fi intro stinger with quarter-tone drift",143,Am,4/4,Aeolian,0:21,"Strings, synth, synth bass","sci-fi, science fiction, planet, space, aliens, introduction, intro, stinger, bumper, game, video game, videogame, gamey, gamer, space ship, ufo, flying saucer, jungle, volcano, eerie, weird, out of tune, detuned, quarter tone, time travel, dimension","dark, epic, ominous, suspenseful, tense, eerie, brooding, mysterious, ominous ","sci-fi, horror/thriller, video game",5,,0
Bubble Universe,Videogame,Tropical alien sci-fi intro stinger,80,Eb,4/4,Aeolian,0:18,"Synth, Synth Bass, Hang Drum, ","Aliens, space, sci-fi, science fiction, phrygian, terror, stinger, intro, introduction, helicopter, dramatic, shock horror, supervillain, superhero, marvel, dc comics, comic, action, weapon, laser, attack, space ship, space craft, ufo, flying saucer, game, gaming, video game, spy, 007, james bond","tropical, alien, sci-fi, scifi, weird, planet, space ship, island, beach","sci-fi, horror/thriller, video game",5,,0
Core Ignition,EDM,,,,,,,,,,,2,,0
Don't Move a Muscle,Horror,,,,,,,,,,,4,,0
Megapulse,Tension,,,,,,,,,,,4,,0
Substatic Flow,Horror,,,,,,,,,,,4,,0
There Used To Be Joy,Horror,,,,,,,,,,,4,,0
We Don't Want You Here,Horror,,,,,,,,,,,4,,0
I See You've Encountered My Stalker,Dramedy,,,,,,,,,,,5,,0
Paper Route,Dramedy,,,,,,,,,,,5,,0
You're a Sneaky Girl,Dramedy,,,,,,,,,,,5,,0
Ouroboros,Dramedy,,,,,,,,,,,5,,0
Generations,EDM,,,,,,,,,,,3,,0
Vault,EDM,,,,,,,,,,,4,,0
Productivity,Hip Hop,,,,,,,,,,,3,,0
Safe Together,EDM,,,,,,,,,,,3,,0
Cheerful Fluff,Dramedy,,,,,,,,,,,4,,0
Bubbles,EDM,,,,,,,,,,,5,,0
Mini Pulse,Pop,,,,,,,,,,,4,,0
Dromedary Air,Dramedy,,,,,,,,,,,5,,0
Rotoscope,EDM,,,,,,,,,,,4,,0
Quirky 808,Hip Hop,,,,,,,,,,,4,,0
Im Ur Puppy,Hip Hop,,,,,,,,,,,3,,0
Tropical Mini,EDM,,,,,,,,,,,3,,0
She's a Devil,Hip Hop,,,,,,,,,,,4,,1
Gray Static Bed,Tension,,,,,,,,,,,4,,0
Purple Uncertainty,Tension,,,,,,,,,,,4,,0
I Don't Feel Swell,Tension,,,,,,,,,,,4,,0
Survived the Winter,Score,,,,,,,,,,,5,,0
Snowfall,Pop,,,,,,,,,,,4,,1
My Mother Would Love This,Score,,,,,,,,,,,5,,0
The Little Red Hen,Pop,,,,,,,,,,,5,,0
Gold Swell,Score,,,,,,,,,,,4,,0
Sunshine,Score,,,,,,,,,,,4,,0
Happy Ending,Score,,,,,,,,,,,4,,0
California Jingle Bells,Christmas,,,,,,,,,,,3,,0
Hark the Double Barreled,Christmas,,,,,,,,,,,3,,0
Deck the Ballers,Christmas,,,,,,,,,,,3,,0
Jingle Baller,Christmas,,,,,,,,,,,3,,0
Christmas Gift,Christmas,,,,,,,,,,,5,,0
Christmas Spirit,Christmas,,,,,,,,,,,5,,0
Married Christmas,Christmas,,,,,,,,,,,5,,0
Frosty Fantasia,Christmas,,,,,,,,,,,5,,0
Christmas Bounce,Christmas,,,,,,,,,,,5,,0
Northern Light Fantasy,Christmas,,,,,,,,,,,5,,0
Leave You Like That,Pop,,,,,,,,,,,2,,0
Slow Echo,EDM,,,,,,,,,,,3,,0
Cycle 68,EDM,,,,,,,,,,,3,,0
Floot Loops,EDM,,,,,,,,,,,3,,0
Thunder Crystal,EDM,,,,,,,,,,,3,,0
Maui,EDM,,,,,,,,,,,3,,0
Blood Sport's Alive and Well,Rock,,,,,,,,,,,5,,0
Acquiescence,Score,,,,,,,,,,,4,,0
Fallout,Score,,,,,,,,,,,4,,0
Shining Bright,Score,,,,,,,,,,,4,,0
I'm Not Sure,Hip Hop,,,,,,,,,,,4,,0
Please Come Through,Hip Hop,,,,,,,,,,,3,,0
Industrious,Hip Hop,,,,,,,,,,,3,,0
Demon of the Depths,Score,,,,,,,,,,,4,,0
Iron Nautilus,Score,,,,,,,,,,,4,,0
On The Prowl,Score,,,,,,,,,,,5,,0
Eternal Tides,Ambient,,,,,,,,,,,4,,0
Deep Waters,Ambient,,,,,,,,,,,4,,0
Jellyfish Flow,Ambient,,,,,,,,,,,4,,0
Should Have Been A Love Song,Pop,,,,,,,,,,,3,,0
Who Took the Cookie,Dramedy,,,,,,,,,,,4,,0
In the Hall of the Mountain Bling,Hip Hop,,,,,,,,,,,5,,0
The Villain Saved the World,Pop,,,,,,,,,,,5,,0
Summer Trip,Pop,,,,,,,,,,,4,,0
Squish the Bunny,Dramedy,,,,,,,,,,,5,,0
That Didn't Happen,Dramedy,,,,,,,,,,,5,,0
My Tinkerbell,Pop,,,,,,,,,,,3,,0
Beacon Glare,EDM,,,,,,,,,,,5,,0
In Desperate Need,Tension,,,,,,,,,,,3,,0
Black Magic Spell,Tension,,,,,,,,,,,4,,0
Pitch Black Lagoon,Tension,,,,,,,,,,,4,,0
Rollercoaster Ride,Pop,,,,,,,,,,,5,,0
Ooh a Chase,Horror,,,,,,,,,,,3,,0
Psycho Killer's Fridge,Horror,,,,,,,,,,,4,,0
Can You Hear my Wingbeat,Pop,,,,,,,,,,,5,,0
Bling and You Might Miss It,Hip Hop,,,,,,,,,,,4,,0
Lo-Fi Swoosh (Let You Go),Hip Hop,,,,,,,,,,,3,,0
Don't Breathe He'll Hear You,Horror,,,,,,,,,,,4,,0
Mischief Night,Rorror,,,,,,,,,,,4,,0
You Better Run,Horror,,,,,,,,,,,4,,0
Go Pluck Yourself,Hip Hop,,,,,,,,,,,4,,0
Opium Den,Hip Hop,,,,,,,,,,,5,,0
Pueblo,Hip Hop,,,,,,,,,,,5,,0
Pulsar Unlimited,Hip Hop,,,,,,,,,,,5,,0
Winter Waltz,Christmas,,,,,,,,,,,4,,0